0x0000000fcdf5ba49794f4151d6daff4505bc47d1,3596
0x000061a8f22a1e60ba0b3caadfa958e954fc2b6a,2195
0x00216505799d9e3117b40b94a24dc0fa286a57a4,1168
0x0035cc37599241d007d0aba1fb931c5fa757f7a1,4503
0x005241438caf3eacb05bb6543151f7af894c5b58,2763
0x006087d6ac20840c23ba298512db454a05c19b10,0743
0x007b003c4d0145b512286494d5ae123aeef29d9e,0845
0x007b003c4d0145b512286494d5ae123aeef29d9e,1068
0x0087a081a9b430fd8f688c6ac5dd24421bfb060d,0779
0x00a33c8379b03085ad0c0b4f6fb38c63deba8475,4103
0x00b491d250b9bcce482b6e70321b0a5339d183a6,0976
0x00e4f5f746242e4d115bd65aac7c08fe5d38fb21,1839
0x00fe460a15b49d09f39b057d0f1a7b9444f4f2be,0624
0x011c2c1433b36a524b548444ae2f20c015427d04,0491
0x015bf68ef11bd55e43a119b5752c4b3becae7f24,0627
0x01f1e9319982ab828203c0276727cf48065434d3,0602
0x02a522d98ec2d2c3bbe91acc29ee7fd32ab880ab,1694
0x02cb3c150bedca124d0ae8cccb72fefbe705c953,0782
0x02ce23cdf12af63f3db919525751e456ffa85040,4537
0x02ee97a13e434717e3ffa12758a235d1a1680775,1551
0x035032655b5b3784d359b56eb82c803bd971c582,2800
0x03798c0d62e6a0b0548114fb6241efa07ca4122d,4257
0x037e414abacc799a598314153509b6b967608bf9,3059
0x0384610bf8e9292ec499145cb126e32a17e7ccd6,3475
0x0389836416d1d46724f0913eeee42622950b20c1,1488
0x03c2bc72a3e007179e54ffb4563cc235bec8151a,0600
0x03ed2992a1d07ab57ec01f0c8914e22b53e48d87,0774
0x04335c092bc8c06f48f9def5e3285140138fbbfc,1496
0x04607ca1048f490578f233a8b1354778defdd178,0608
0x0466e612137bca50e524f25ac9f7b6f826ee15b7,0900
0x0467f3b464ff75ac91f6ed8a4139fc6e38256efb,1781
0x046b8b30767592487badb59e43418e3f58f46b26,1828
0x048669c431230a9a8298b7ec045f1e1137827cca,2966
0x048b12bafc434a6a84e9b732fac7ba665f98dff0,4416
0x048d13cf020cd64e3af5987adfbc64e8b0287192,0349
0x04a8a22e5ef364c5237df13317c4f083f32c2cc4,1577
0x04b7f60169fe048b7806a7e5fe731a37be23111e,0650
0x04bb33c3a8c2d018836a1f938054ebb59e0036b2,0104
0x050e8c2dc9454ca53da9efdad6a93bb00c216ca0,4130
0x05267b74523dd09a7a316d83760a09e5a710fbf7,1726
0x0559a413a3ab19508a144aeebc474eb14c5e76ce,0386
0x05df81bf098ae29afad54250cd224379edcae850,1278
0x05df81bf098ae29afad54250cd224379edcae850,1764
0x05df81bf098ae29afad54250cd224379edcae850,2256
0x05f9f39e372bbe8cd2f73736ae0441ab8052dbb6,1979
0x06044b5359d8df7886366c22c61c7ecd29becac7,0336
0x062fc4fb958a480c987a5654d95dd68148ac9d85,2060
0x0639092a9c3d9467dd6f89a13213541c8a1e58b2,0194
0x066d4d13c5bc10e14e30e862471772aa7d23b4f1,1388
0x067f2bef6a1f929544253b9fb95f99bae77b2518,1753
0x068792edecad424d42f0f45de7f693ca33526cf1,0075
0x068d9f17fbf0ccbf39bd8da421731fe86986bd3a,1648
0x06ad8c7e274ebe59bf628443d8c5af2bf72d4c26,3339
0x06fa77a7747aa2d13c942d8507b03541306e2697,1300
0x0730fd7d15fa9a40a6c7b2bbb4b8ce9ee6e6d08b,0141
0x073ab1c0cad3677cde9bdb0cdeedc2085c029579,0268
0x073ab1c0cad3677cde9bdb0cdeedc2085c029579,0632
0x073ab1c0cad3677cde9bdb0cdeedc2085c029579,0633
0x073ab1c0cad3677cde9bdb0cdeedc2085c029579,0701
0x073ab1c0cad3677cde9bdb0cdeedc2085c029579,0913
0x073ab1c0cad3677cde9bdb0cdeedc2085c029579,1122
0x073ab1c0cad3677cde9bdb0cdeedc2085c029579,2281
0x07af1daf78ba692185d3f0e04a88c80bbd559b0b,1502
0x07cde58672343e8a9103856c9ef40e676af03d96,1379
0x07f6624b895b47ae66e916ec6a0479d7c3cfa319,1633
0x07f6624b895b47ae66e916ec6a0479d7c3cfa319,1639
0x08022324acda4d552dcde677723ea5f77bfa59ab,2063
0x0806c386af7feec590a2c80fa73ea7109756b060,2843
0x0811909993f580014caf7db50937ca5dfba6a4a2,2790
0x08b440dd2b2dd0b0de112d5f6eb6d9028eb86b70,0425
0x08cff4102a31e3e8e63244955faa830fb368d721,3533
0x08ed16fd7835ef11bc367ae0c7a4f0c60ffcf5ed,3515
0x090b41c23f5890feb4182a201d95476bb35e4a09,1706
0x09203487a637b28d8d5cfdfe0bce8f7a815a8c48,2292
0x092b254788219cf27761f217013563fdf85b633c,1923
0x095f1fd53a56c01c76a2a56b7273995ce915d8c4,3974
0x097b7feb64d0b272efc3092f833b0e18bd4d1521,1668
0x099f7a6718f69290d7065736ba21c194eb08b9fc,4260
0x09cf79bdf8f68739979c8c825c103a7538bd4f4b,2245
0x09fa173babff3787c14192d6c4dfb4ed4cff0bff,3482
0x09fa173babff3787c14192d6c4dfb4ed4cff0bff,3483
0x09fa173babff3787c14192d6c4dfb4ed4cff0bff,3485
0x09fa173babff3787c14192d6c4dfb4ed4cff0bff,3496
0x09fa173babff3787c14192d6c4dfb4ed4cff0bff,3803
0x09ff1e8c530ffed4733f92a92ce58fd158c6a912,1775
0x0a0a82aead38896eafe0cefabf1f607ac9cd288f,4151
0x0a0b368c0f1644fa269f0d6377232906747754a3,1211
0x0a4664d8b6a5ea7abe047195165421a907f3e655,3449
0x0a66693bba5643065ce3087391ca5f0ffb3f341e,1891
0x0a66693bba5643065ce3087391ca5f0ffb3f341e,3626
0x0a7eac657bd7fff5f8740b0608b8ef1ea5170adf,3153
0x0aae28d2ef4888c8a23f3572b6b206a1076c84f1,1123
0x0afd4375b4684deb94ad7c02dc8c955f8fef1f0f,4078
0x0afd4375b4684deb94ad7c02dc8c955f8fef1f0f,4081
0x0afd4375b4684deb94ad7c02dc8c955f8fef1f0f,4082
0x0afd4375b4684deb94ad7c02dc8c955f8fef1f0f,4083
0x0b22380b7c423470979ac3ed7d3c07696773dea1,1009
0x0b25b46a70e7f9296c6d8bae9a84c887da5cb9ec,0474
0x0b3138288ee7794e7640d4db3a114b7fd37074a3,4431
0x0b439d198fcddee951d498eba26e024635511240,4041
0x0b4f4a3cfc6e5beb9f34e6f4fcb8e8d1d57a3689,1001
0x0b5cc12e5018b75992c238347b9e0199c9b9a4d9,1086
0x0b7c0949971332f083b542751dd44e8910e09982,0463
0x0b81747f504dfc906a215e301d8b8ad82e44cbd2,0603
0x0b93ba560283350d4216f29dc57e15df38d0eace,0558
0x0b93ba560283350d4216f29dc57e15df38d0eace,0887
0x0bb7cc378617c65a61b2da678c69f85072205a4f,0716
0x0bc0bb5b379d09faa0d740fc7d425896ebe02876,2431
0x0bd7c54eab5e038f8971d298da64b37257e59b65,1234
0x0bf5ab53a209f481a10b9c6260afbd7915f24e39,3611
0x0bf9a0a45077ac0a26637d8130fd759d74e0dc1d,0354
0x0c62a4563cc525401ebcdad475757d805aec5008,2987
0x0cb3081aaeac48c9b103bcdde457d5e3bf800259,4091
0x0cc7090d567f902f50cb5621a7d6a59874364ba1,0860
0x0cc7090d567f902f50cb5621a7d6a59874364ba1,0861
0x0cf83143f0ab9d6e178fc7f141205ec2992266c8,1857
0x0cf83143f0ab9d6e178fc7f141205ec2992266c8,1916
0x0cf861f96378dbd5194d74cbe6b0424fafaed940,0806
0x0d304e6f12c6eead742b3963ba0e6fce06dbe4a4,1918
0x0d3d681762f9eda9541fab6acfb17c50025b630b,0554
0x0d3f3ae5a4ef9577f15448e0e6141b36da4f46bd,0921
0x0d54b43d103f5702ebcc522cd4b70e71ee8ea50b,0601
0x0d8062911fbcc20bbc7b10f06d108d45ad2e8c7f,2631
0x0d81d9e21bd7c5bb095535624dcb0759e64b3899,0729
0x0d89421d6eec0a4385f95f410732186a2ab45077,2823
0x0dcd108c2fda4acc3a9d7794b5388ec64bffc385,2058
0x0dda0a01011d30fc6b9629c08bc43abee90c745c,0711
0x0de58892df65a653b049d30b8c2a587d51af6ac9,2078
0x0de58892df65a653b049d30b8c2a587d51af6ac9,2079
0x0dee9a06897e6d2e1e3d49acb0f21a6b439181e5,0276
0x0e3655263d2db2c7ece965557d3889be0716c48b,1297
0x0e380f930f523eb3563369bbfbed3e4ebdc4d2c2,1710
0x0e61d096cc024b02b9fbc5462cd547ec35db4f49,1381
0x0ebf8ffa7c7a360b6b7ea3acceaf93f6e269254e,1860
0x0ec8bea26e3ca271010ef02decb84bfb9139472b,1638
0x0ed1d2b2d14e3b798759d62b9e4a587b233d60c9,1644
0x0ed697d48fedbee30776877aea74d94fc46ac253,0587
0x0efd0b2dab774756c04671b5d909c07f4b61efb8,4061
0x0efe994201e2b0136dd40d5033b5f437e4c5f958,0274
0x0f1025f754b3eb32ab3105127b563084bfa03a6f,0155
0x0f154a27fb9136fb17c3cf4874b8a130d2f554f7,4382
0x0f435396f61654bbf69f621e12d592942cd761bc,2909
0x0fa21edecefd2c8d559430bcedcc4c0672afbbab,1518
0x0fd8348a05e93c703253c23763d4e836529bc87e,2992
0x0ff1baa6c90480d8627b922a1e81393eb9c7ea08,4093
0x0ffb10e7e21a09517b582bbd72168020bebd4b9d,1888
0x10347666d2a9feb4eac17d7ea58d44fa61f45b57,1760
0x1074f62d7019c3184a2f7ea8c6a8acd6780beb48,0083
0x10959926fb4926d181a2ea46ceb234150ab70c9b,2393
0x10a35cbce6d0b2b01d6dd944c6889f98b036205d,1456
0x10a35cbce6d0b2b01d6dd944c6889f98b036205d,1830
0x10c0b0da2a682c12bd36516a95cb8474c02d83de,2836
0x10c7eebf2ff90807ca24347cd9c7d4a42345d583,4669
0x10d6d2e343281d388291a3e02f3293aaeda67178,1707
0x10d93cdc5a7c5cc3114cf4356efda3219a120656,1498
0x1127daf41ffaff2b876fa3fdc9187c364722eef4,3655
0x1143e097e134f3407ef6b088672ccece9a4f8cdd,1058
0x11654105b8fcd27dee15f3fca570d976fe375f05,3781
0x11860d47411cc5f132b5791201e01d25a3b4d1c7,0675
0x11b17aff7682caa0b4e25b1c7bd1fdd0c569cd70,1201
0x11b2642e17bf70c834caa29a97d2030303d07069,3109
0x11bc20f369e01ecd9e1b2c3797998b40f1a1bb47,2004
0x11cdfcb54576d5990219c426bf2c630115a2012a,3524
0x11d28e412d3bd34fe288b09797398120b53eb12e,3325
0x11dc841653fc7792c89e3b5c8e0d5059abc02672,1099
0x11dc841653fc7792c89e3b5c8e0d5059abc02672,1125
0x11e52c75998fe2e7928b191bfc5b25937ca16741,0678
0x11e52c75998fe2e7928b191bfc5b25937ca16741,0686
0x1208a26faa0f4ac65b42098419eb4daa5e580ac6,1090
0x1208a26faa0f4ac65b42098419eb4daa5e580ac6,2754
0x1208a26faa0f4ac65b42098419eb4daa5e580ac6,4712
0x1222d0ded67a533b3163397fd917bc8ac6f96b7a,0655
0x1253594843798ff0fcd7fa221b820c2d3ca58fd5,3429
0x12724f96a09bf2e4b12f2caa5a6e261862d8b124,1002
0x12a0e25e62c1dbd32e505446062b26aecb65f028,0473
0x12a0e25e62c1dbd32e505446062b26aecb65f028,1313
0x12a0e25e62c1dbd32e505446062b26aecb65f028,1314
0x12a0e25e62c1dbd32e505446062b26aecb65f028,1315
0x12a0e25e62c1dbd32e505446062b26aecb65f028,1316
0x12a0e25e62c1dbd32e505446062b26aecb65f028,1317
0x12a0e25e62c1dbd32e505446062b26aecb65f028,1318
0x12a0e25e62c1dbd32e505446062b26aecb65f028,1319
0x12a0e25e62c1dbd32e505446062b26aecb65f028,1320
0x12a0e25e62c1dbd32e505446062b26aecb65f028,1321
0x12a0e25e62c1dbd32e505446062b26aecb65f028,1808
0x12a0e25e62c1dbd32e505446062b26aecb65f028,2176
0x12a0e25e62c1dbd32e505446062b26aecb65f028,2784
0x131aaecbff040379070024ea0ae9ab72a059e6c4,0959
0x131f6b10aa5fa888abd2e77cfedb349978a8ca59,2074
0x133d705a9696882228f6bb7fe008745aef7cdc93,0160
0x1352400bf96d73d41e033f5a14416357a5e0b6bf,0120
0x13541d356bcc7156e234ff15091ba9b8f1d9b2dd,1261
0x13586f8425544865372ebb5db71bd52bc8ce06f2,1598
0x137daf4bef37b38a0aea1182b8bd40979ae9993e,1975
0x137f0cd1cac26b2abde48676e3ffac96f1bb4cb7,1526
0x1388961fbc1df252749b91a2a73c4b0d7377841f,0530
0x139e7746745fbf42ca485845881697f9621b4b27,0575
0x13a1fbdea7241ff19fc60317ebb1243f5d5cdb13,4248
0x13a9aacdd7989ddaa56f9a9e40fd686f02675d00,3536
0x13dacd2157db67db200fc8277585765d229007a3,2180
0x13ebd3443fa5575f0eb173e323d8419f7452cfb1,2785
0x140e65fa52cc035d71edf4ca34e5c09f7c6699ad,2847
0x146cfed833cc926b16b0da9257e8a281c2add9f3,1988
0x148d59faf10b52063071eddf4aaf63a395f2d41c,4299
0x148e63aac7c59357901ac10c4e018066ed522d87,4031
0x14b8f40967af793ca1398b7329c07192800e9ed0,2249
0x14c942b93ceed8fbb021d6bec68875c28f9b5517,3991
0x1506c4717416e811aeb34ffd9b914ee97f429708,1691
0x158d6727b17aaba726d7318ac7dca5edf8faf6f8,0475
0x1591b9056822c273252fcea32963223650db18e1,0220
0x15ae150d7dc03d3b635ee90b85219dbfe071ed35,1355
0x15ae150d7dc03d3b635ee90b85219dbfe071ed35,1356
0x15ae150d7dc03d3b635ee90b85219dbfe071ed35,1357
0x15ae150d7dc03d3b635ee90b85219dbfe071ed35,1358
0x15ae150d7dc03d3b635ee90b85219dbfe071ed35,1359
0x15ae150d7dc03d3b635ee90b85219dbfe071ed35,1360
0x15ef9189a8282e4e1e985eb8ed767e7426b4bfd5,0211
0x15fe6a80005e7445b7fd5e553e9ab6456586f3d2,2202
0x16385dfcc9139ffb357746780b64a605b4cb46f0,0377
0x163cc449cdf9d1ba22e9b81f0f9c9f01c2ab76a1,0895
0x165107ce980edff38065261326354c3d6cd809e6,0709
0x16a59020e5054da726a4d6d0d465758eb0b49e7c,0862
0x16bbf5bc57eb90b0794f95697e7011bc066f05c6,2133
0x1719c7dc8216ce67f96171e1a817195ae075d78d,0428
0x1741b88fbfb93fa3fe096f3af27c21ea36123410,0505
0x174a0a04a1eda46fccf32f89340258f03d55f1f9,1011
0x1760cfb293c604af992bad4e5220612f1a7d3c67,0954
0x17cb83eb3c6971e14ef4d8b57e21d4e8cf3e5ef4,4449
0x17d7887e59317967cb74869ad878c4c13b00d7e7,1452
0x181b12729ccb398a7151635e7a61fc9edd3369bb,3996
0x1828eb2e523d43c9c04c987a27b10e6d65668580,0683
0x183af17cb6bbae108e731e8abb97a26658d13b9d,3083
0x184cc5908e1a3d29b4d31df67d99622c4baa7b71,0995
0x187c8c43890fe4c91afabbc62128d383a90548dd,1559
0x18ac920241e0f5699448379e63069724d9d8a603,0544
0x193dce65022b3d154854fa0b87fd7011f35ec3bc,1389
0x194e58e62a82a3eb1d50c9369a2df5e6e2603304,1871
0x197553ddfdb7b9c3c4216e2914456788bfd59c86,0817
0x197553ddfdb7b9c3c4216e2914456788bfd59c86,0844
0x197553ddfdb7b9c3c4216e2914456788bfd59c86,1748
0x197e7522278dfad4b9b4a6d033e9abff5043ab72,2330
0x198a18bd53a19d2cead4b42587780540133f20be,0452
0x19c04ca80c4168ea8ab469a0766a858d7172b320,1541
0x19c04ca80c4168ea8ab469a0766a858d7172b320,2156
0x19c04ca80c4168ea8ab469a0766a858d7172b320,2157
0x19c04ca80c4168ea8ab469a0766a858d7172b320,2381
0x19c04ca80c4168ea8ab469a0766a858d7172b320,2807
0x19de91af973f404edf5b4c093983a7c6e3ec8cce,0840
0x19fa61309158e138b685646247f58a3ce9f18145,0311
0x1a1eaa933226f913c248a158d20be05735b9d343,3329
0x1a207beefc754735871ceeb4c506686f044b1c41,0366
0x1a33938a402a648c9af7ed8a0b9079350f81a8a0,0542
0x1a56d61142ac107dbc46f1c15a559906d84eed59,2755
0x1a8977f4ae1241658a75d639293eb5ecf55f672e,2146
0x1aa587c2288750173cc6af7c92bad7209904e496,0150
0x1ab00002285b89ac0673411d23e0634dda8b3069,3523
0x1ae0e28abf9ac188ae5fb72867639b750435984b,2142
0x1b976a361fe836d5812ee44c3048a979d160fc02,1423
0x1ba0dc2bab6cf9ef50dc63755246e90d6aa821c4,1170
0x1bc0f329cb0a20fab58054d0098d79446a0ae860,1299
0x1c6f6dae4e19b80eb42801cde0ba873ad5ff2e2d,1709
0x1c8beac10eab6ec9797683337187fc19f4ecc0c4,1095
0x1cc1c78bcfa5e872cceba516ef821e30a280a9bb,0286
0x1d030de9290c328790a07eb06393e28e2f6d715d,0456
0x1d113337e485e232d39d2d883031705ade37b576,0938
0x1d1bbe43eb20c81016db2cb4d7c5578c041bd361,2540
0x1d4f6afc0e305048ae0a9be9f76b4b89d4a360a5,1544
0x1dcb85efea6a3fb528d19b9174e88ee35bff540a,0629
0x1de991c20110569bad46d2dfe4a5752b34cdfe59,3390
0x1e55c85801a2c4f0bec57c84742a8ef3d72de57b,1140
0x1e90ddceb84027d60fe364b4f18496ffc6ff432f,0647
0x1ec7bac2ed1841371847acc2136af3c20d27175d,3620
0x1edb9a64b960685ed9bdb1c9b5761fae0423aff8,0672
0x1f1c29c94abe2b8f06b403cc5a61c479167ebc3d,2134
0x1f7b953113f4dfcbf56a1688529cc812865840e1,3414
0x1f89d0b673af2275452045e457f2b9b3b8723e5e,3727
0x1f9f5a2511c4ca5b768dadd067bc19916dd59d88,4385
0x1f9ff9d42361537bb2e1e9c77fe462146837fbcc,3633
0x1fa313ba8c968d00bc109404bd08e963eae3f1dd,0433
0x1fa58d1361f0344e367761dde020df9417aa3565,2611
0x1faf47d26eb8ed1b0ab68dea1076b5acda1e3d39,2124
0x1fb3e449448faf1330dba45d945554c1bedcab5a,2250
0x2001909016b05f7eff9af6e25d806f364074628a,1719
0x2009a752a50d3cde486d7b5921944377b729e747,3146
0x2042e13ffab5233237a386c144f04cfcd10a864a,4511
0x207ac8e8b2db9bec1b53176f26fc16c349363309,1377
0x207ac8e8b2db9bec1b53176f26fc16c349363309,1461
0x207ac8e8b2db9bec1b53176f26fc16c349363309,1485
0x207ac8e8b2db9bec1b53176f26fc16c349363309,2243
0x20b5f69d108dfc446f64e7393ff4ffd5130ed268,1075
0x20d08e58952bb70ff0ec1271085ca969c14be2a3,0490
0x20d65fbbff7c46c6c8d1153add69f6a9fb518fec,2904
0x20fc7e34f4acfa8faec8edf0546c57cd77d76bfe,4628
0x21532d4267648191bef7a33c813c43cf90a6fa78,2130
0x2164d6b2ef215a4f46912bdd18f27a25041ebe29,3139
0x21eb14be414edc32a819525c231c3ee97dc811f8,2852
0x21f53db4d2eacde70a2e4f0407d073c971ec1a33,0916
0x221457ca59d33168dad241cd547006d563dbf84f,2978
0x224cf0b963c59b95623b3dd6ce07b4ce40f7b134,0522
0x2293fc0e35461aea297ae6fb9525493c9799ad8f,0883
0x229e63b972f476b75987b03b3dc96be5dd0cf80b,1574
0x22b5de197d8a8ca13e361c268f58baf088ac4dc0,0443
0x22d2aa904a8b61154c1bf4d2d5600ca0ede39603,3386
0x22de936854e40350d01f47724fd047d4de0f26a1,1010
0x230fc981f7cae90cfc4ed4c18f7c178b239e5f9f,3004
0x232e7a04a30f1f6f30e895a42c4358a1af36b976,2232
0x2333fcc3833d2e951ce8e821235ed3b729141996,2844
0x23612f09f5bb9c3d455fbb3c4a7d1708d555994c,2070
0x237f7ac9cd5787e60aff3f318e97420e8d934e71,0559
0x23941b0f5337783f0b2339ff6f70617129945307,1471
0x23a089397b1d30b56c942dcce73dc466b1fceaaa,1008
0x23dbbf0ffd28bf754fdc1e52f302b81303c211b0,0391
0x23ed7bf9234699fbf44ea0f397a036bc762f7ad2,3869
0x23f4ab95f85599e6af9ada4fb3a272911682c239,0609
0x240da283477044d2ca519c8e068bc489e20b573d,0918
0x24120e5a7af521cc8c4da25315793ba27b640993,2117
0x241e63667db6d50ef4307532fd651ef22dd7e231,1568
0x244ebeb9fe1ece439a886fb1f1b143a8bc44de40,3411
0x245bd6b5d8f494df8256ae44737a1e5d59769ab4,3753
0x24801de57f065d95d741dff0f419dc5004777c87,1641
0x24c492413fcfd5a8370f43f69205563c3d39cc5d,1573
0x24c492413fcfd5a8370f43f69205563c3d39cc5d,4609
0x24dd242c3c4061b1fcaa5119af608b56afbaea95,2265
0x24e283da072797b87f39e41e77539fb1946a4529,2072
0x24e8bb6a37774d8a0187e196beb29601ed5920bf,0348
0x250608d0aeeb7489adba2ae5856c80b8714ffabf,0123
0x252da35c66f55ac66d97acc6aef4f5d18e25853c,0471
0x2551727bb6eeb4e5917e616dffc3923402fe1bc3,0611
0x25756f9c2cceacd787260b001f224159ab9fb97a,1006
0x2577a8539cb2194acd72f035dbb691ce5f406d3f,0315
0x257cb82c6f915931b6336a4c0ebefd41c4d17f47,0352
0x2593be17dd1c31b4c124a18bac3a7ae19567ae37,3125
0x260874cc5c672f60c9d5c4b2ffe34262ee7797ac,1824
0x26193384d99f392fdd01a88228f12f8814f993cd,0773
0x264902ce3200dba13b83a168d563497d2d347b53,3627
0x26afd291c2d8de2bb70f7efc219c7e38aa4981d9,1740
0x26db4a1b947a59878a303653e42ca775557eee38,0715
0x2711d75a8a691d5b0bdda0920117e524a9156456,0520
0x2713acb015bdb0b5b824fd0509f7590b7f0e9806,2047
0x271e77d35df9936e1111718810c9182808b549c7,2906
0x2759538121f4d604e7b7e5d1e5f562a05a524d45,1887
0x27c350caacf45fd935814bdd2a07b2b9bffe9203,0280
0x27c387f970716562687a471cf176cdef1fbc1ee9,1375
0x27cc10039ccc07b97d4e7e54143c53a01c4eb495,1262
0x2858b141429244dda03354aa35f1cc761a058a34,0078
0x287e131392abb67b35927bc54f58e36b33d2e207,1950
0x2885a994e5e394d0a309680886fa04f4df061c07,4121
0x28be0996b15149aa011c84f09ce3389cbc719fa6,2986
0x28eb75f8980a69b0315d67185904931b9ab28a73,4292
0x28ee8ba54afe95a6aca17cf4913f929fbeafd402,1589
0x291fd7e93a092369e99f8796bc2ce64bf67a9eed,1795
0x291fd7e93a092369e99f8796bc2ce64bf67a9eed,1798
0x2930d9315bc3184ca13a5a2c0a23ce9b8e7364b4,2923
0x2945b24ee5e12914e4c3fec462e9409d792c3ebe,2833
0x294f999356ed03347c7a23bcbcf8d33fa41dc830,0866
0x294f999356ed03347c7a23bcbcf8d33fa41dc830,0891
0x297d0a238b9f9adfc4fe4c3c81121b2df9f44347,3926
0x298badd5d18243ee7d68a4ee4e1409875f5b654c,2571
0x298f7f66ba43f0efecf4bc324b0016f822c783a4,4073
0x299611a1831a5497803b878c0ae14ad3bb5a124b,0651
0x29ae75ccbebce13cb9927ef3d3ce28965d6a66d2,0290
0x29b078df4825fd8bb88c72eaf7c723645472e397,2201
0x29b1d432a40f40f5418da2d4abf740e5e491629b,1419
0x29b1d432a40f40f5418da2d4abf740e5e491629b,2979
0x29d29f57013b3074abe36109005bcb458b7fbeee,1914
0x2a21476c0eae40b0c46cb4771e6b8cf8a20f4d37,0676
0x2a4275323c8f0285aaf384e6dabd48b3930cc81c,2068
0x2ae09febfd8a811207a378b142d74ffd23073610,0015
0x2ae5f36c77a736f76d61f3eec06f12caf2963fd6,1996
0x2b47c57a4c9fc1649b43500f4c0cda6cf29be278,0269
0x2b47c57a4c9fc1649b43500f4c0cda6cf29be278,0312
0x2ba00cb9996acd37c8634fc6c33e4438690a8698,1429
0x2bb1b3510a1f609cbc74b98b3eb622cfcc3be16e,0381
0x2c2eb7e70162a912dcf33f6470cb8848888ae149,1445
0x2c3678124659f67cad7ce3b34320c20f82dbfb88,2451
0x2c3d6458acbcfdaf3c0d1e24282b69bf332f1585,1792
0x2c3d6458acbcfdaf3c0d1e24282b69bf332f1585,1793
0x2c5ff0be38115fe6e37acce8e94f86186c3d73df,1166
0x2c652853472b587d8257b391716f2a281297cdd2,2932
0x2c762c10beac9f6593e0958be5f6b5a8513165eb,1312
0x2c82e14352e98c931852d9bb5f0760e36942cc3c,0654
0x2c8a14dedf9ef21703b9cdc0cc2111cda8e4aa23,2783
0x2c94f02910e1a7c1ae194900321a8a6ca0e47660,1679
0x2cbb111028393710bfafe51b2426d0ae496010b9,2377
0x2d2c46d26c8fec693586e067c4fc2b2ddc2b4cb3,1678
0x2d38fea5d98a94fc9bd6912ed24d78d1c25b4ac2,2854
0x2d407ddb06311396fe14d4b49da5f0471447d45c,0416
0x2d4a4b5deee8bcdf6f71dfab300d9f2b4f9dec66,3569
0x2d4ce0426c7a0afb53d1c211ed2f5854780f249a,2095
0x2d4fc9d3d5fba4f7c2123e38124ca97379ba0b2d,1994
0x2d9d84f4d8a4254ea23fe18825193cbd1b21b749,4450
0x2dbc5a4a615c9fa0f93207467ad9fc277faef479,2200
0x2eb0c482802e174f51b5869b30ed9c8faab4fa31,3506
0x2ec04255ffc5f889c99de8576809a0975bed90c0,0613
0x2ecaf144f32baf25f35316ad67a5aee985c1c244,0516
0x2f06416a0088199aba7be7027d96714bd89afe22,0785
0x2f06416a0088199aba7be7027d96714bd89afe22,0804
0x2f71129b240080c638ac8d993bff52169e3551c3,0500
0x2f8e74d6a6600ff8bd45696b92030b31c46f35f7,1470
0x2f984721d255e98a4b014c2cd2655f4e3b52e538,2235
0x2fd7db002f0458112e0922ce8a8de9310ec177ed,0151
0x2fefe22dbb33670a13039039982cd3d12b1a4b6f,1875
0x2ffb871671e903de0e799c3aaff48a3fe03316f3,0670
0x300269a5c4cc793b090ac41e50c1be162bd0ffc8,1018
0x301605c95acbed7a1fd9c2c0deee964e2afbd0c3,1353
0x301605c95acbed7a1fd9c2c0deee964e2afbd0c3,1769
0x30195818372daabf7a92428fec8426e9d5b0c7ea,4253
0x3024074eaa70f3d4c071c0da9d0c8eec50232c47,2155
0x30755d3e65c0cf46c35b72d11e52d941c5fc3a3e,0026
0x308fd8fb79379dead5a360ffb6dd2d1aff9f5ee4,2687
0x30928f37e0346b779839aa4b257e387b45900dda,1926
0x30a1627fddc0dbb7dd00b881d25a45b443f294bb,1957
0x30a4e2c97539e38ca905e66daecdbbbc5c17c6a9,2139
0x30b173aa09db69be9e4b919fa2678c798aa1020d,2993
0x30b3355b84dda5f2e1ef15a6b26897ae23265d59,3645
0x30f271d19063c232dd654129b42a14303cb76ccd,2788
0x3111327edd38890c3fe564afd96b4c73e8101747,0261
0x3111327edd38890c3fe564afd96b4c73e8101747,0510
0x312e71162df834a87a2684d30562b94816b0f072,1884
0x315761d9d292f843362254b0335ac0c68e5aeff8,2283
0x3161fe3d8fe5223599ec17ae19247b9ca0d0ba85,1295
0x31856e11ddaabc67e3b7b5de50dd0efce86e361e,3389
0x31ca6ca7f7a3298bc6c5103aa45847f34e382a1c,0324
0x31d7413d75265deaff0a820b4609760dd862630e,1893
0x31e7e4bb3aa3a5dd3ac5e240223eb4416cffa5c3,2213
0x321a7963322f3489da35581810dcbef4a8d7839c,2414
0x3253b1b195d50ed5a4a71df520ce4dc01d9820eb,2460
0x3257284ff47cbcb0c59bd522b40a34d5f748117d,2671
0x32672af4edc13cf1ab5dab6c5cda5df71ad35951,1837
0x32672af4edc13cf1ab5dab6c5cda5df71ad35951,3173
0x32b74b90407309f6637245292cd90347de658a37,1634
0x32cefb2dc869bbfe636f7547cda43f561bf88d5a,0152
0x32dc2cdc78cdd824db9ad1006e8659dc2ea8d29e,1311
0x32f8ec47e6b649a0495066ff29d8d10ab420e19f,1060
0x332d87209f7c8296389c307eae170c2440830a47,0306
0x332d87209f7c8296389c307eae170c2440830a47,0584
0x33359285f30e7b3386de70ca500f4fe27853765b,2599
0x333ee98d84b087208353038e10e1b4600a0a3967,1014
0x335d6cec3668f9951c3aa90600986ab350b3d059,0477
0x33784f8ae5848f69857831fc280afb392c9427c5,1782
0x33784f8ae5848f69857831fc280afb392c9427c5,1786
0x338326660f32319e2b0ad165fcf4a528c1994acb,3975
0x338717d4dbd87d7cca6756b2932e50fec2a4b607,4293
0x3392925076e6dbd36a668f70b5719e65d63ae455,4008
0x3398af931e07db6afb9f4a088b913972238facc5,2452
0x33a8cdd353fb8842dcea6163fa76ed10e81edcf1,1040
0x33d114801fa5a0cf7b93bd94f8be3cf24595ca59,1789
0x33d66941465ac776c38096cb1bc496c673ae7390,1197
0x33e9ba56e53fd12bcc126ce9b28d1843cae71c10,3562
0x3455fbb4d34c6b47999b66c83aa7bd8fddade638,0213
0x34d3ffeb67e1ff8387cf6656242d2e7cda72dd95,0702
0x356930cad4554f95f425d5ef8c22bca952c1aed1,2152
0x358102be6f587f7455d102cc330230a1d112d085,0781
0x35b32b4b66e3fed103288365de66d1fcb2f883ad,0219
0x35ca7ae854338dcbc154066f0ea00b636d38e431,0126
0x35e8e33139fc68e28c4454709fb8fb4df1b924ea,1791
0x35efbf842875aca6829331191f7f4e551c1c6344,0941
0x35efbf842875aca6829331191f7f4e551c1c6344,0942
0x35f8d97034cb67fa7cb4b70fd451d3ce1b0748f4,1094
0x363fdb02aee6838afb0e034dc5ea54eb8e31e8b9,0288
0x364282a1ffc5ef403952422408eaf3972f692653,0787
0x367748ba275671dd8195618a1d049e4d720fc46d,2052
0x367b68554f9ce16a87fd0b6ce4e70d465a0c940e,2252
0x368823a0faf360c5a8d985b6c2d0d15f8d2a2a46,2617
0x36a0356d43ee4168ed24efa1cae3198708667ac0,0177
0x36a0356d43ee4168ed24efa1cae3198708667ac0,0178
0x36a0356d43ee4168ed24efa1cae3198708667ac0,0179
0x36a0356d43ee4168ed24efa1cae3198708667ac0,0180
0x36a0356d43ee4168ed24efa1cae3198708667ac0,0459
0x36a0356d43ee4168ed24efa1cae3198708667ac0,0511
0x36a0356d43ee4168ed24efa1cae3198708667ac0,0512
0x36a0356d43ee4168ed24efa1cae3198708667ac0,1531
0x36ddc2c3fd41c646745983fa1990f67df2bd0bf9,1302
0x36f322fc85b24ab13263cfe9217b28f8e2b38381,0639
0x37205e435954e08d86f7f657929562b5eb2dd46e,4067
0x3725e21e7646d47b4b67a9077cbb018ba0e31fc1,2123
0x3748cd85f004dbfdd8e9890f2378d4636d98dabf,4181
0x37628d203e6c60498d39084c81c8ea7569bdf116,4193
0x3792acdf2a8658fbade0ea70c47b89cb7777a5a5,0484
0x3792acdf2a8658fbade0ea70c47b89cb7777a5a5,2196
0x37a45adbb275d5d3f8100f4cf16977cd4b0f9fb7,0879
0x37a45adbb275d5d3f8100f4cf16977cd4b0f9fb7,0889
0x37c9ede55345e99feb48010ff21a0bc295f22e52,0287
0x37cecf221168e18c9c85d76d092794f35212f94c,1878
0x381d475126107af05b5c78123925c5081d315551,1576
0x38286b1a4ced9902058bd8bf7939f8f3ae8ccbbb,2775
0x38298ef8a8306579e21246d5227694b5560d9cb5,0085
0x3849ba8a4d7193bf550a6e04632b176f9ce1b7e8,0161
0x38a63519a8ee25a074c98394764cc10db8175e00,2137
0x38eb6cfcb27f796fc02f00e0d95972f566d7b63a,0897
0x392acfd0792c32222edf31c20dd0cc51528bb9ea,0815
0x392acfd0792c32222edf31c20dd0cc51528bb9ea,1624
0x392d2d800f848d806acfa5fb65709dce6d4fe391,2107
0x392d2d800f848d806acfa5fb65709dce6d4fe391,4687
0x39388438e9a4d888829f424954769c84de592827,4106
0x393b9443545e0b428b008b25e1cf1c96d5b8fe06,1776
0x3945d766185e2264900c84fac10958b3619c2bd4,0063
0x3953017af23ab99a7d40f3d26f1595f27c91345f,0548
0x3953017af23ab99a7d40f3d26f1595f27c91345f,0616
0x3953017af23ab99a7d40f3d26f1595f27c91345f,1599
0x396e0dcd35a534975bff6bf044ac0e373a29d231,0285
0x397b2da916fd53d1db9758c65972c60a2c037d78,2900
0x39996591d206144fa6801cdc5fd6d94312f3d9e0,3277
0x39a206e24d0cddb38e6e9c062b1c82aad298ed07,2493
0x39a206e24d0cddb38e6e9c062b1c82aad298ed07,2968
0x39d8e84ef765360cdc1ca65d30333b92732bf09f,0588
0x39d8e84ef765360cdc1ca65d30333b92732bf09f,0930
0x39e419ba25196794b595b2a595ea8e527ddc9856,0171
0x3a3355805181ba5752cb52cebe8c95c0f3ed3d61,0706
0x3a3355805181ba5752cb52cebe8c95c0f3ed3d61,0805
0x3a783d95390fe556d0ec3a1f4ce9afa7003fa2b7,1063
0x3aa7d98265d405266de7011b1275c3e166c02245,1245
0x3af494f0cee51d8aa74532d15e7733b6c91158a2,0270
0x3b067af83f540cb827825a6ee5480441a4237e77,0517
0x3bf4c90932a26c90f64b931aeb221a55bbcd0ad5,0091
0x3c34a77c9f751359b78d9d03e024217733cbc9f7,2007
0x3c5aac016ef2f178e8699d6208796a2d67557fe2,1749
0x3c5c2f4bcec51a36494682f91dbc6ca7c63b514c,1632
0x3c6e0d0c9dba4709e9a8b85d1003e9985b799578,0094
0x3c7bc69e09e387906ff6f60db5a49d3fa2c1ddb0,0231
0x3c8281c8786ab29bcab5b33566968f8011ea6a59,4006
0x3cbd59d368c543307722596345882d3b1d99df55,3525
0x3ccb0f1f6cc0709f491a2d25b4fbca5fe78870e8,4665
0x3cffb70e70e78912581e90d81e6345640c1f4dfe,2064
0x3d1d6239b8d522eeacc77a3f7b8edb48ee6e9998,2796
0x3d2596aedcfef405f04eb78c38426113d19aadda,2626
0x3d37c76324fc2c3beb288eb26fe97414f936cca7,1529
0x3d3d3d7bbe26cce6c143a8d72503b211ba80b753,3425
0x3d51ac03ea895c258057f2540a85293d3bc595fd,0714
0x3d545ced5731379e2b6c9d66301eddeb8372a823,1029
0x3d545ced5731379e2b6c9d66301eddeb8372a823,1030
0x3d545ced5731379e2b6c9d66301eddeb8372a823,1053
0x3d8846ea345a06938d3e1fda2c59a98d750c1582,1149
0x3d9456ad6463a77bd77123cb4836e463030bfab4,3030
0x3db322e17d0be2433855112fa80a0c21d198dc5e,1421
0x3e69a9c97b174b70e89a54a247f57ad02ec770ea,1904
0x3e6e5899ddb6ed11e58f03668c1d61210b5617f3,2307
0x3ea7cc0f434b8711cf6bcd0d49eedf67a8233af9,0835
0x3eb24c61590e6cd6fc26cf4fb938316206147859,0549
0x3ec99c49a14d4973f27ce285bc20a989af9fa0db,0217
0x3ef3e95e5025d89966695da57c3ed031eebc1bd0,0983
0x3f60008dfd0efc03f476d9b489d6c5b13b3ebf2c,1773
0x3fb12a8c3819e2880a08e6cf2a69115d455c6e55,2347
0x4007fce1dac1e281e319902277982b01cd1e2569,0994
0x4011e1e55d2663b5b845ba7d46567f18b5e4303a,3807
0x4036b344e3efe9af30cd179ecb9a54a792c164d8,1483
0x40902dfde550a22e7431be348b27a44a3c743000,2864
0x40ade8d4b29306486b0ed948dc2ed7a4ea71c2d8,0780
0x40d054170db5417369d170d1343063eee55fb0cc,2077
0x40e202d737d55c8ccd76fa7d48ff2bbb071b2bc1,2311
0x40e3780e5bec58629ac4c5dc3bca3df2d7fd0c35,0412
0x40f7b67dce4e6ae70e0013553bb8205c2e2ebc2c,1813
0x413db04a4d7207cae7a7686639ce68caac137bae,1692
0x413ed157a79f9197e2fcc6af89ef89e7da00e5f2,0674
0x414531e74c58b4a5c5c998b18fbe819a70d78f30,4156
0x41626ba92c0c2a1ad38fc83920300434082b1870,3857
0x416deca06f9af666abe1666e80e8d30bba66d1c5,0496
0x4195abec16f5339ee4b18278891288d2f85eda39,0951
0x4195abec16f5339ee4b18278891288d2f85eda39,2151
0x41c7c469bda5ce9dd6bf69372875c21806abe1b6,2305
0x41d2a18e1ddacdabfddadb62e9aee67c63070b76,0562
0x41d2a18e1ddacdabfddadb62e9aee67c63070b76,4312
0x41d8413dc9a3ddbcd2c67b1ecca72707e51f09d9,3094
0x41dde2dc7f718d5f764fc97e8d122864587642d4,1102
0x422ae3412510d6c877b259dad402ddeaf1fdb28e,1141
0x422d5f09172e1e52c0323580761660261eaacbe0,4155
0x423afc4406d10c726d5d664d2997571e69d1875f,2768
0x4247269401bcb49d8455e275d70c25be9e2f9285,1870
0x4273a8e57a1fab8cb5f7cf2d68ad16bed061520a,1693
0x427759bfe7b72e06ec6c8a4da9ab1994f8315a29,4290
0x42780f29141e554f6c8aeff0c7a6b60f33c00a8e,4268
0x42941bc83b698d47d0bbe9a1a49280388db44cb8,1277
0x42a19cd756651a488f1899157c45af929bf3695f,3722
0x42cd8312d2bce04277dd5161832460e95b24262e,2279
0x42da91be491e4101f348b9a746183dad9a6f92a2,0703
0x430039fc939e84733803161e3a1d2b9b210083af,2247
0x43093861e897d139342ce149935a5f721532a660,0966
0x434dcffcf7dabd48b284860c27ebd184c91341f5,1794
0x435cd42591cc503a909085c3d3d2899d17032f77,0404
0x43a5c1331375f1f34bd774ecaee51501e9ca2db5,0429
0x43ab381f4b41bf775deec64f24c3887e898c0cdf,0483
0x43ea4015ada7edcd4605ef2974ec4c4c6629830e,2083
0x447997d1dc7888a2ffc15826e7595a6f7dcc076b,3249
0x449cfdcb1f1162f045e6d392df2bc0545d671db8,3089
0x44b1fa2f48820e0759d729c9a802b3c9b3b910a4,1241
0x44bdca0edca3df8f7f570e65a24273a0010be6f8,1699
0x45c86844f2da14ae50e3dbb3cd9b83ac632bcd67,4132
0x45e4b9b6bd6fcfb6b4f7c391744baecfc9e04326,1698
0x46266f255e49756847587eabddfc4d336ef268d2,0698
0x4629c3acc568be227d19dc767f48bd05882d56ed,1020
0x4647116a410ca5e80ee2be0077335bbf0db35166,0636
0x4647116a410ca5e80ee2be0077335bbf0db35166,0945
0x465dca9995d6c2a81a9be80fbced5a770dee3dae,0776
0x465dca9995d6c2a81a9be80fbced5a770dee3dae,1730
0x466621c1771590c4ecc5314eb3055adafd980d52,1118
0x466ef24d68ac9b61670eee7fc2e001b951abf482,4139
0x46c6db7fe6503766072163a1a7d1756643aaf94a,0652
0x46dceaf588c5a1a1759935dc07824ffa9f9a4891,3986
0x473051be5d6aa04c0ada7b0418fd529cf9a8aad4,1455
0x474764be5ad5518b95cea6ee98ef2bab93bf6cd2,1823
0x474cccf5774e7e306c06cf7fbfa7238d5cccedcf,1766
0x476f2d18d28fa1a4fc62ce680fa7852524eb820f,1949
0x47ac438004d39518792eb96f743a4b952e8462fe,1467
0x47c10ce3c2bfe7f45974f0475730d8aed4b42513,4287
0x47c88bb92b409ff25f6587ea611fac4e55f76007,3795
0x47d7ac22636c5e8b81d93a65df6617db72e74ce4,3410
0x4834a871fd1b8a6a269062d7d012ab69fb3aa266,0760
0x4834a871fd1b8a6a269062d7d012ab69fb3aa266,0777
0x485bd02decba1b00ea5b289ca249878e9d34a16b,1034
0x485bd02decba1b00ea5b289ca249878e9d34a16b,2001
0x4898977c707de88762a3afe1672d271eb8b004ef,1757
0x4898977c707de88762a3afe1672d271eb8b004ef,1759
0x48a0f98a7b4d6823d7ecdac87cce8672130fef17,4142
0x4906dec30c3c815ee7c410ec38502be9770bbaee,1682
0x4906e4f95ad546ce865916f65c825e00630bffa8,0438
0x491f43cac7becf91f45438d3c39bb07982e0c0a3,0536
0x492d683a51613abcef3ad233149d69b7fe60fbd7,2736
0x4937b01fdff0a02cc8416b5bd6c76a98958c85f1,1715
0x495c6871f8c193ed64f8e56246077cba7655efed,1652
0x49608550e4b61e6de2ddff45b3361f6711319a14,0865
0x49760dd185cdef51d725a5b04027b62b5680fd1a,0717
0x4985ad3d7d81c9e9a4cb2cc080f0c6baa55d8f74,1162
0x498e93bc04955fcbac04bcf1a3ba792f01dbaa96,4027
0x4a44d98a6054e8f4dc3de3936443d74d5b9ad288,2016
0x4a80c4ab870f97b2bf84e16f614654610d2fc53e,2429
0x4ab5e3f0b2d1604dd2002cfeca6163802d74c6cb,1620
0x4b01629a1baf82d8ab62726776b1332539e51cec,1727
0x4b36eecd05ee97e8f423c9ff95dadbe8cbdd63b4,4569
0x4b442ffa64950c720ec671703b283c9a31524a3d,4089
0x4b84864c085c27f50bdea25671e045d6039bcc00,1091
0x4b9c354bb4bdb84f3f64613c2a69917b1dc0dfb5,2099
0x4bc821fef2ff947b57585a5fdbc73690db288a49,1005
0x4bcd5893d3bdddd838e6415b8141249e7ba0018e,4019
0x4bf66e52f3009cd138e48f142d47661037160001,0038
0x4bf66e52f3009cd138e48f142d47661037160001,0329
0x4c026d5d6a7fe1b2e2b28b916ef2016f6058f7b4,1184
0x4c18bd7117f0e694b0f4fdfe6a03f520ec5905c7,4517
0x4c1f7c394b9fdbe23dcbe64e7b537b5354c71b24,0039
0x4c3d3505d34213751c4b4d621cb6bde7e664e222,1742
0x4c4c26ee8d678bdfb54799fccac525332c27d372,1919
0x4c63f570590b7e145d5af265497aa23fa2bc0b8c,0121
0x4c63f570590b7e145d5af265497aa23fa2bc0b8c,0653
0x4c7bedfa26c744e6bd61cbdf86f3fc4a76dca073,0688
0x4c8def836ff37b9c9c3ccd3c1796efc78bda7998,0054
0x4c994efd3cf90092dc35ee2e3d660d782652727b,2103
0x4ca1e05536aa6e365b5368a59d6217dc4c9fc2e2,1867
0x4cb056bd2bb0cfaed1e903e40e554ddad44fadd5,2149
0x4cf8487f3c20ef126b346ad97fba3d13847d1e88,1605
0x4d37f28d2db99e8d35a6c725a5f1749a085850a3,0246
0x4d4680e1d965273bc7b1b1f6442605fb1c278353,4170
0x4d76e2943d04643b985a80c714f7f6b1f6fb0bbc,1494
0x4d9339dd97db55e3b9bcbe65de39ff9c04d1c2cd,0795
0x4db3b43f77b49f14bb6aceab4b3182e42af02372,1883
0x4de1b138a15d56a9d37b4106e221f3f7cfb13f5c,3127
0x4e233d34ecb90d72148fb0423a4624b1c3902f47,1819
0x4e260bb2b25ec6f3a59b478fcde5ed5b8d783b02,2229
0x4e3d9399c28c724293dd545225ec843ac4c9e953,1219
0x4e9017d8e275ca54c91e056381dab9fe6ecc1af6,2941
0x4e962e8ecb1b89267bbcc6ddf725359771a4e03b,0700
0x4ee34ba6c5707f37c8367fd8aef43f754435f588,2574
0x4ef6ea0720862903bbb039e1ab30563e9ec33aba,1937
0x4f0a1940de411285ad0455a7f40c81b5e0bc8492,1554
0x4f2350bc303ca6f01e2777d8c674ac561fdad1de,0552
0x4f2d1b87499ea88aeb0682154377badbdfda2df1,2015
0x4f93110dd9ba91213c56b8cb9fdbe7f10caa0cdc,1844
0x4fd6b3204a6ab48978018b25821682f090840333,1821
