"11504907","54","89","PayoutAdded(0x1208a26faa0f4ac65b42098419eb4daa5e580ac6, 23118354859347899); "
"11504907","54","90","PayoutAdded(0xe644be3a05ed983cc18f5c1769fc1a38917ed030, 24920479472737299); "
"11504907","54","91","PayoutAdded(0xf640b593405327f8bdac43be9a9af90900cc9d18, 25177030045421201); "
"11504907","54","92","PayoutAdded(0x977e131c6a48f3a1de48dee54ed2c9fda71f4b1d, 32151579796395497); "
"11504907","54","93","PayoutAdded(0x36a0356d43ee4168ed24efa1cae3198708667ac0, 109923423769856198); "
"11504907","54","94","PayoutAdded(0x905e81b391810dcd61f949484b5430b6297a6ae4, 34668689222567300); "
"11504907","54","95","PayoutAdded(0x33784f8ae5848f69857831fc280afb392c9427c5, 34942755476916900); "
"11504907","54","96","PayoutAdded(0xd62b0b2c1deff116c0b189483b0bbd0cc52649e0, 35338681319345699); "
"11504907","54","97","PayoutAdded(0x9756c61c3287592f31229aad5cf07bce87d52e24, 35788420011290698); "
"11504907","54","98","PayoutAdded(0x6068ec9fe8b89630b4b73830c3d7c4d3a6b874e5, 36645588729701999); "
"11504907","54","99","PayoutAdded(0xacceb894dba9632e49c56bc0ed75e515aea95a12, 37045050254274597); "
"11504907","54","100","PayoutAdded(0xa1e4052bdf596b9272f4af6c0e97957a251db3a1, 38224325148582698); "
"11504907","54","101","PayoutAdded(0xd7b296e005ae29444f7fe8e13cdcda480f1d38c4, 47308590981491600); "
"11504907","54","102","PayoutAdded(0x9dafaa83a4185bf5817c536dc5a0b30057fb7c1d, 47693849967947302); "
"11504907","54","103","PayoutAdded(0xff5284a4daabc34d82b41711ff11eeac1a9ba957, 48493544786500600); "
"11504907","54","104","PayoutAdded(0x983868f0c1f977a5f375782f0e1af73cd9173bf8, 53846701761298798); "
"11504907","54","105","PayoutAdded(0x924b575917f822e32e88b7e7171fe0c00c70f401, 53946742903434999); "
"11504907","54","106","PayoutAdded(0x05b22a6e05ae7c54fa5a87d15b5e0c73c4b87249, 64039800865089605); "
"11504907","54","107","PayoutAdded(0xc29fb1d0c0ad2078e909b0bd629b512eb6bcb008, 71743644068413700); "
"11504907","54","108","PayoutAdded(0x79cf3559f3d8e62673f34c9ad999794efa5fbcc4, 4457851323937410153); "
"11504907","54","109","PayoutAdded(0x02a522d98ec2d2c3bbe91acc29ee7fd32ab880ab, 74766597401305395); "
"11504907","54","110","PayoutAdded(0x80a0eb777c8f7d20345659c2a89095296f4673d9, 84557957683091405); "
"11504907","54","111","PayoutAdded(0x9d4a1509da007ecb8b80d5eee9714cbe5b5b3167, 89726919931530299); "
"11504907","54","112","PayoutAdded(0xd57462a554497cc4518df2fdb1e01c14ab83134b, 92142632642280800); "
"11504907","54","113","PayoutAdded(0x96a2e811b2af9f46311908141ed0ac8bfa723747, 92729204551313199); "
"11504907","54","114","PayoutAdded(0xd07a386bf6952259626a260e4f546a75b2f56e95, 112144038682230995); "
"11504907","54","115","PayoutAdded(0x64202d82a2b014c6240f25a15b60f5a5ef6def2c, 112497859018496002); "
"11504907","54","116","PayoutAdded(0x842b87e0f5dd45ab5ff972b4d71f238ffad8ad3d, 115973443473898998); "
"11504907","54","117","PayoutAdded(0x0e380f930f523eb3563369bbfbed3e4ebdc4d2c2, 116776195039221999); "
"11504907","54","118","PayoutAdded(0xa3eafad76d4b533ac2e7d7c11ca9c4b31accbbc6, 119025358034213005); "
"11504907","54","119","PayoutAdded(0x3f60008dfd0efc03f476d9b489d6c5b13b3ebf2c, 119502490673451006); "
"11504907","54","120","PayoutAdded(0x66268791b55e1f5fa585d990326519f101407257, 128967158037702006); "
"11504907","54","121","PayoutAdded(0xeab48a633ada8565f2cdeb5cde162909fd64b749, 147409518649181003); "
"11504907","54","122","PayoutAdded(0xf31e952a4b01692410ef7c268aa8227aa347fe5b, 163272624290861007); "
"11504907","54","123","PayoutAdded(0x1035fee7621a4a902d75094abd2e378e64b4b6ce, 169873518313578997); "
"11504907","54","124","PayoutAdded(0x70ccbe10f980d80b7ebaab7d2e3a73e87d67b775, 174904778857884996); "
"11504907","54","125","PayoutAdded(0x090b41c23f5890feb4182a201d95476bb35e4a09, 1394811956849329043); "
"11504907","54","126","PayoutAdded(0xca5d990e3cf9e28fba26d6c8fb1ae314bc78c09f, 179741510338986998); "
"11504907","54","127","PayoutAdded(0x53e8406c05d89914721ff6aa2fa896adbb0a97df, 185069063147658002); "
"11504907","54","128","PayoutAdded(0x046b8b30767592487badb59e43418e3f58f46b26, 187050519713131996); "
"11504907","54","129","PayoutAdded(0x140e7364ee4e29a677a9d6ccf26ac945e7e80b65, 188833447197707005); "
"11504907","54","130","PayoutAdded(0x358102be6f587f7455d102cc330230a1d112d085, 205544374611508012); "
"11504907","54","131","PayoutAdded(0xa28910bcbe9a1b9119940343c02cae65c1b22cc5, 218648611554361993); "
"11504907","54","132","PayoutAdded(0x36f322fc85b24ab13263cfe9217b28f8e2b38381, 266926481319889996); "
"11504907","54","133","PayoutAdded(0xc772248ed23b92437b277078644994f336b8cee0, 278750322009405027); "
"11504907","54","134","PayoutAdded(0x1e52c0887bc0f752368dfb80974ec988ab40aed3, 284824550445470003); "
"11504907","54","135","PayoutAdded(0xa857af9e6ca57b098c5392eed325113d44829665, 284946005680944025); "
"11504907","54","136","PayoutAdded(0xabe47ec0e8c66d994c3b904d751392bc41742dbc, 304419308787404974); "
"11504907","54","137","PayoutAdded(0x2d2c46d26c8fec693586e067c4fc2b2ddc2b4cb3, 309992774439876994); "
"11504907","54","138","PayoutAdded(0xb632c8e5f87a47a0caeb613cbdf0f748217d2840, 321480266804132996); "
"11504907","54","139","PayoutAdded(0xfc29ae0db30064d306cea90f349448ad0d1fa030, 333253085716104013); "
"11504907","54","140","PayoutAdded(0x4906dec30c3c815ee7c410ec38502be9770bbaee, 339977998493472988); "
"11504907","54","141","PayoutAdded(0x301605c95acbed7a1fd9c2c0deee964e2afbd0c3, 344772094269496010); "
"11504907","54","142","PayoutAdded(0x4b84864c085c27f50bdea25671e045d6039bcc00, 369707659389039988); "
"11504907","54","143","PayoutAdded(0xe0a8b9c2df8023326001d2b63218746b28f7ed26, 373226548023935011); "
"11504907","54","144","PayoutAdded(0x02cb3c150bedca124d0ae8cccb72fefbe705c953, 383844925681204984); "
"11504907","54","145","PayoutAdded(0x2001909016b05f7eff9af6e25d806f364074628a, 392011156030379004); "
"11504907","54","146","PayoutAdded(0x69e5a15af433cf54c15cc092809a3ca71ed5c958, 424142048650056002); "
"11504907","54","147","PayoutAdded(0xf7e72865cf3e2c4f6970f628b2e84bdf3edca222, 425839476859260990); "
"11504907","54","148","PayoutAdded(0x7e30fb962f951ef78d901865f87dd036fc5aa946, 430690057524616976); "
"11504907","54","149","PayoutAdded(0x89d1fec16ba1c8aebc7866263eb4ca2d8bd8eec4, 457452469893948998); "
"11504907","54","150","PayoutAdded(0x6b414ae959cfd44f0850c6811493aef0abd074f4, 462987396153114016); "
"11504907","54","151","PayoutAdded(0xe64e9187d513b455732fd63fd1398ecd1925a03e, 467142531516061998); "
"11504907","54","152","PayoutAdded(0xed625c9aba1245fa8e22eb1f1825881517a9dce7, 496595341602362017); "
"11504907","54","153","PayoutAdded(0xe599295c723c3691d91d602f393dfc96125940c5, 507327392178173020); "
"11504907","54","154","PayoutAdded(0xccdb680ccaea8b11fb59ebfcf46300dd1ae1a27b, 514333231720957018); "
"11504907","54","155","PayoutAdded(0x165107ce980edff38065261326354c3d6cd809e6, 577220438329168028); "
"11504907","54","156","PayoutAdded(0x7d3e2d29c0f77d35e470942e10aed8f3a6a596fe, 585316086603092977); "
"11504907","54","157","PayoutAdded(0xb29884b1861b142c76a8f9b71ccbd1dd883c9e1f, 606524316215230951); "
"11504907","54","158","PayoutAdded(0xb7a2e455ff9fa98d809beb505c8ef92666fd65e4, 681141796094607010); "
"11504907","54","159","PayoutAdded(0x6f6d5f139df0aa007635ab76b017e754e1b81a87, 687219018065126974); "
"11504907","54","160","PayoutAdded(0xc4aff3f66183b2654fc9477a30446b856d28417c, 693254285267249970); "
"11504907","54","161","PayoutAdded(0xeeaf40de082a05b56c05fdfb100661d85b0aff6f, 697094698686305025); "
"11504907","54","162","PayoutAdded(0x068d9f17fbf0ccbf39bd8da421731fe86986bd3a, 702021422240774017); "
"11504907","54","163","PayoutAdded(0x0fa21edecefd2c8d559430bcedcc4c0672afbbab, 742761084324461973); "
"11504907","54","164","PayoutAdded(0xdaec7153e3a1314bb95728d5e615405ba399943b, 746222158796120971); "
"11504907","54","165","PayoutAdded(0x6f620ba7907a3d9a6dda9821eeb4e59b3f69c367, 748662224624957017); "
"11504907","54","166","PayoutAdded(0x1e55c85801a2c4f0bec57c84742a8ef3d72de57b, 782408985007448043); "
"11504907","54","167","PayoutAdded(0x434dcffcf7dabd48b284860c27ebd184c91341f5, 796097884600072025); "
"11504907","54","168","PayoutAdded(0x40f7b67dce4e6ae70e0013553bb8205c2e2ebc2c, 801222098534037030); "
"11504907","54","169","PayoutAdded(0x19c04ca80c4168ea8ab469a0766a858d7172b320, 5302517894800310933489); "
"11504907","54","170","PayoutAdded(0x0467f3b464ff75ac91f6ed8a4139fc6e38256efb, 829861950660926050); "
"11504907","54","171","PayoutAdded(0xa655c36eba808148497aed8bacd1c8cf6c59335c, 840750774056043037); "
"11504907","54","172","PayoutAdded(0xddc0e4931936d9f590ccb29f7f4758751479d0a8, 852927711716311987); "
"11504907","54","173","PayoutAdded(0x12a0e25e62c1dbd32e505446062b26aecb65f028, 862590337099019000); "
"11504907","54","174","PayoutAdded(0xb363013df146fdcd5df27ae5cdd50c02f9099f56, 876006454312545979); "
"11504907","54","175","PayoutAdded(0x44bdca0edca3df8f7f570e65a24273a0010be6f8, 881256492851545947); "
"11504907","54","176","PayoutAdded(0x07f6624b895b47ae66e916ec6a0479d7c3cfa319, 893957064089117015); "
"11504907","54","177","PayoutAdded(0x627ca7601e943cbffd21aeeb7bb06b9a3137b0ec, 939444465796279049); "
"11504907","54","178","PayoutAdded(0xb67e55884096f203a423c80fe6f6b1c1bd791782, 988573707626187014); "
"11504907","54","179","PayoutAdded(0x0b5cc12e5018b75992c238347b9e0199c9b9a4d9, 998775166303230044); "
"11504907","54","180","PayoutAdded(0x26afd291c2d8de2bb70f7efc219c7e38aa4981d9, 1061524064017989932); "
"11504907","54","181","PayoutAdded(0x910119d96fcc68fc898a02b07b3a6316992af800, 1084613272508549997); "
"11504907","54","182","PayoutAdded(0x33d114801fa5a0cf7b93bd94f8be3cf24595ca59, 1189175537440519958); "
"11504907","54","183","PayoutAdded(0x5add6480cc9b144828ea455ad64b95e592e8cb01, 1210911213324449953); "
"11504907","54","184","PayoutAdded(0x3ea7cc0f434b8711cf6bcd0d49eedf67a8233af9, 1537061693322419930); "
"11504907","54","185","PayoutAdded(0x67cae6903b9ff37f7ff0ae885ccbd87a72633669, 1553432821643859984); "
"11504907","54","186","PayoutAdded(0xddfc2e10702d8a781727a34d83b3bb3ca94a3e91, 1615383543053449999); "
"11504907","54","187","PayoutAdded(0x7aab1cda5f9c5d10ddf8231aa48d0181363efe94, 1721782876772810055); "
"11504907","54","188","PayoutAdded(0x6ceb397b68059ca73049874d0a30c62500ae9877, 1729263786396810109); "
"11504907","54","189","PayoutAdded(0x33d66941465ac776c38096cb1bc496c673ae7390, 1782098906687880068); "
"11504907","54","190","PayoutAdded(0xbc5ec594509ed050f4a53eee85d92af6d2529b56, 1831316791818129896); "
"11504907","54","191","PayoutAdded(0x5a03c210cca2bff3641daf585339ded8e810a177, 22259667060977468500); "
"11504907","54","192","PayoutAdded(0x7870870fb345417ac2c589b9baf280ce8019e8d7, 1957669748372220075); "
"11504907","54","193","PayoutAdded(0x19de91af973f404edf5b4c093983a7c6e3ec8cce, 1980793555866420030); "
"11504907","54","194","PayoutAdded(0xa87d71efca08da3b9a90cf1bc125a0e26f8698ed, 2093198835025119830); "
"11504907","54","195","PayoutAdded(0x392acfd0792c32222edf31c20dd0cc51528bb9ea, 27741665807822700084); "
"11504907","54","196","PayoutAdded(0x9620b36841dacd567032110000a7f090ebf2bca3, 2362699648988400014); "
"11504907","54","197","PayoutAdded(0x224cf0b963c59b95623b3dd6ce07b4ce40f7b134, 2447088895006139797); "
"11504907","54","198","PayoutAdded(0x05df81bf098ae29afad54250cd224379edcae850, 2628560646421920221); "
"11504907","54","199","PayoutAdded(0xa78edd98d7ab5caca5236fc3999d4ee9868795fe, 2694467549983260212); "
"11504907","54","200","PayoutAdded(0x91e03ca709c1950e621060e64ddebdc3b7c6dede, 2913578861193160118); "
"11504907","54","201","PayoutAdded(0xf723bda3d25c6488ba1298058136ec79525deef8, 3028906113935589949); "
"11504907","54","202","PayoutAdded(0xbc2138f76db98af69c8c9d5c365263dca32f5e63, 3082011473200700013); "
"11504907","54","203","PayoutAdded(0xbadcddea250f1e317ba59999232464933c4e8d90, 3122797918317810061); "
"11504907","54","204","PayoutAdded(0xb53b0255895c4f9e3a185e484e5b674bccfbc076, 3225960761296919887); "
"11504907","54","205","PayoutAdded(0xc72acaba5be1592e4a11c05a4365b82dc11b2f6a, 3256120167095430062); "
"11504907","54","206","PayoutAdded(0x28ee8ba54afe95a6aca17cf4913f929fbeafd402, 3357638837800359876); "
"11504907","54","207","PayoutAdded(0xcbc3dc48ba005cd292de77e582d5b9c55e43b95c, 3580531760619340087); "
"11504907","54","208","PayoutAdded(0x82338b1b27cfc0c27d79c3738b748f951ab1a7a0, 3590484010667509995); "
"11504939","50","112","PayoutAdded(0x7d568b307ba20fcf4684fd7877a00e4d90ee9199, 3622904524400520021); "
"11504939","50","113","PayoutAdded(0xb6ad42d615759e50c8087849a2f6f0e2032f7085, 4128431929328770344); "
"11504939","50","114","PayoutAdded(0xdedb9311bb46a654eaa815f32e98ec092b0c2655, 4146862241220749645); "
"11504939","50","115","PayoutAdded(0x229e63b972f476b75987b03b3dc96be5dd0cf80b, 4502434302598739890); "
"11504939","50","116","PayoutAdded(0x57bc8af36a7e900c438b0652ff2eeb24954a3e6d, 4589579355520889691); "
"11504939","50","117","PayoutAdded(0x72c04af02686d783cbd5a75fb6b9e0b0d1e8e5b7, 4620740973448260291); "
"11504939","50","118","PayoutAdded(0x0559a413a3ab19508a144aeebc474eb14c5e76ce, 4836892446071059836); "
"11504939","50","119","PayoutAdded(0x10d6d2e343281d388291a3e02f3293aaeda67178, 5119191924142739935); "
"11504939","50","120","PayoutAdded(0x5b5dec770db497cd4d9ba840d39a57d90a90027c, 5169783920173130375); "
"11504939","50","121","PayoutAdded(0xf78cd306b23031de9e739a5bcde61764e82ad5ef, 5380914602915160216); "
"11504939","50","122","PayoutAdded(0xed2cc1105ebf222eda3c1a32f9b1ca20523a947b, 5466165380216960301); "
"11504939","50","123","PayoutAdded(0xeb54d707252ee9e26e6a4073680bf71154ce7ab5, 5819847692064070265); "
"11504939","50","124","PayoutAdded(0x5b607d28180f7260c6726048e909cb8f1a271ce0, 6038059504901980290); "
"11504939","50","125","PayoutAdded(0x9a94ac82b17e67f7dff81912de68eb74ca20e6c3, 6349801079938179881); "
"11504939","50","126","PayoutAdded(0x197553ddfdb7b9c3c4216e2914456788bfd59c86, 6571070508450770120); "
"11504939","50","127","PayoutAdded(0x42dfaf5266ad40ab4533f9806f5cc1df4c1eb363, 7920500356867799851); "
"11504939","50","128","PayoutAdded(0xc172542e7f4f625bb0301f0bafc423092d9cac71, 8481310809889679447); "
"11504939","50","129","PayoutAdded(0x07cde58672343e8a9103856c9ef40e676af03d96, 8675486937915449559); "
"11504939","50","130","PayoutAdded(0xccde65cf4e39a2d28b50e3030fdab60c463fe215, 8776390151061539413); "
"11504939","50","131","PayoutAdded(0x3e947a271a37ae7b59921c57be0a3246ee0d887c, 9039194642796140044); "
"11504939","50","132","PayoutAdded(0x8400077113fabeaa5a5ad8742cff50cd88d8ce8a, 9685590256421560795); "
"11504939","50","133","PayoutAdded(0x99126d641ba3924c8af4dca4e3b2c33a41718913, 9991780159661859173); "
"11504939","50","134","PayoutAdded(0xcfa6118dccccbd782c2a097e3e448bc679770c5d, 10577467435268399498); "
"11504939","50","135","PayoutAdded(0x78f6af57f6885fb2c38b0aeb8aaa2a4636127fd9, 10816695003987099710); "
"11504939","50","136","PayoutAdded(0xfe1d177037df1abbdde4c0e4afcde9447f8511d0, 11052164581963399569); "
"11504939","50","137","PayoutAdded(0x27cc10039ccc07b97d4e7e54143c53a01c4eb495, 11201302031935599146); "
"11504939","50","138","PayoutAdded(0x89eeaf6cef929b2b35bfa7ddd37390c6d3c86500, 11436243266714100741); "
"11504939","50","139","PayoutAdded(0xf09631d7ba044bfe44bbfec22c0a362c7e9dcdd8, 11529099134868099341); "
"11504939","50","140","PayoutAdded(0xb1b4fd7ea1a74b6e5652a2bcf794224fd79544f5, 11930815144510699354); "
"11504939","50","141","PayoutAdded(0x523b5b2cc58a818667c22c862930b141f85d49dd, 11988339498831800611); "
"11504939","50","142","PayoutAdded(0x24801de57f065d95d741dff0f419dc5004777c87, 12062355759654000308); "
"11504939","50","143","PayoutAdded(0x5451d62f16d490572253e0666ebbb6a045eaf2d1, 12198650734587600297); "
"11504939","50","144","PayoutAdded(0x782c93e1c530a283ef738a58b5671a8fc2d8153f, 12958674851240500558); "
"11504939","50","145","PayoutAdded(0x465dca9995d6c2a81a9be80fbced5a770dee3dae, 13465530893134900480); "
"11504939","50","146","PayoutAdded(0xb656cd9e370f0be5a02a85bb70bca7bc25f03c07, 13904345220267499527); "
"11504939","50","147","PayoutAdded(0xdd25adc79296bf72efb3ec9ba8cab1c71037704e, 14066013574523800855); "
"11504939","50","148","PayoutAdded(0x7c04b6f7eedf698d0659ed873a0bcc227bd9fa00, 14627193044372699404); "
"11504939","50","149","PayoutAdded(0xe25d4ddf0bf2777269900115087597f28017c897, 15157767148911100107); "
"11504939","50","150","PayoutAdded(0x3792acdf2a8658fbade0ea70c47b89cb7777a5a5, 15522777635428800735); "
"11504939","50","151","PayoutAdded(0xd1a8dd23e356b9fae27df5def9ea025a602ec81e, 16248818927813701407); "
"11504939","50","152","PayoutAdded(0x571b7313b36af37e61359635157657dbab6ec240, 17154183176917300102); "
"11504939","50","153","PayoutAdded(0x7fcb8aaea5f30620aa69d1978f1dc814cf0502ad, 17225450770344700401); "
"11504939","50","154","PayoutAdded(0xfcad3475520fb54fc95305a6549a79170da8b7c0, 17353687680355498912); "
"11504939","50","155","PayoutAdded(0xffeb02c7e5968cc3789e570a639707c6c618eeee, 17454620266111199100); "
"11504939","50","156","PayoutAdded(0x1d113337e485e232d39d2d883031705ade37b576, 17490486790318499288); "
"11504939","50","157","PayoutAdded(0x7b8405d2e5c06156c6336666a0d9029a6c3b1364, 17787778195891000621); "
"11504939","50","158","PayoutAdded(0x41d2a18e1ddacdabfddadb62e9aee67c63070b76, 17807211846044999958); "
"11504939","50","159","PayoutAdded(0x4f0a1940de411285ad0455a7f40c81b5e0bc8492, 18404859965400500954); "
"11504939","50","160","PayoutAdded(0x201930f7b5a5fa20496fe90411f7babef35e94dc, 18635060186020400152); "
"11504939","50","161","PayoutAdded(0x1591b9056822c273252fcea32963223650db18e1, 18759422142116999765); "
"11504939","50","162","PayoutAdded(0x466621c1771590c4ecc5314eb3055adafd980d52, 19156238341539800984); "
"11504939","50","163","PayoutAdded(0x1bc0f329cb0a20fab58054d0098d79446a0ae860, 19373742405080200512); "
"11504939","50","164","PayoutAdded(0x7c424d4b753185c6e91e0cdd5fd98076198c51b2, 19403980961068999278); "
"11504939","50","165","PayoutAdded(0x5ab45fb874701d910140e58ea62518566709c408, 20184323612151601423); "
"11504939","50","166","PayoutAdded(0x27c387f970716562687a471cf176cdef1fbc1ee9, 20497364755324600338); "
"11504939","50","167","PayoutAdded(0x947f8a49640b4770a8c7fe3c1e69ffc974295448, 20674269010160699622); "
"11504939","50","168","PayoutAdded(0x56334e16d24db1df8bd54708b88f96b8dd112145, 22059013169434898316); "
"11504939","50","169","PayoutAdded(0x4bc821fef2ff947b57585a5fdbc73690db288a49, 24175428237503101769); "
"11504939","50","170","PayoutAdded(0xcf82589d5bf9d27d959cfbb75ca43561a79d2be1, 24302847040995700922); "
"11504939","50","171","PayoutAdded(0xdba411d32793e057cb69658cf0d16b55dffb652a, 25374781455961098686); "
"11504939","50","172","PayoutAdded(0x9fc13b4e1c4206970a1c4520d2f77336cd5d0e0a, 350402483788783403184); "
"11504939","50","173","PayoutAdded(0x8b1416de782f23c55f6b5cc26098249f469c2591, 25802574770459401065); "
"11504939","50","174","PayoutAdded(0x0efe994201e2b0136dd40d5033b5f437e4c5f958, 26223503351398100846); "
"11504939","50","175","PayoutAdded(0x24c492413fcfd5a8370f43f69205563c3d39cc5d, 26314553753694301718); "
"11504939","50","176","PayoutAdded(0x0466e612137bca50e524f25ac9f7b6f826ee15b7, 26597699603036300430); "
"11504939","50","177","PayoutAdded(0x62051bfd3a4f7039a849142e6e5ea172cbda5949, 27742664244506599402); "
"11504939","50","178","PayoutAdded(0xe71fbb197bc8fd11090fa657c100d52dbb407662, 30025091984155398705); "
"11504939","50","179","PayoutAdded(0x11dc841653fc7792c89e3b5c8e0d5059abc02672, 30257185057220201684); "
"11504939","50","180","PayoutAdded(0xd25a803e24ffd3c0033547be04d8c43ffba7486b, 30459007220562398288); "
"11504939","50","181","PayoutAdded(0x4194ce73ac3fbbece8ffa878c2b5a8c90333e724, 31029876616872201111); "
"11504939","50","182","PayoutAdded(0xc5c38f1ca2316c3351ba91537ffc1dd80e0d257b, 32274022733233699966); "
"11504939","50","183","PayoutAdded(0x3aa7d98265d405266de7011b1275c3e166c02245, 32764059287297399691); "
"11504939","50","184","PayoutAdded(0x4fd6b3204a6ab48978018b25821682f090840333, 35909196423848797508); "
"11504939","50","185","PayoutAdded(0xb61a98a0e542dcea1da7c44c2e8017373b95d350, 36864565903200102070); "
"11504939","50","186","PayoutAdded(0x58315fb2b6e94371679ffb4b3322ab32f3dc7311, 38082839258985998753); "
"11504939","50","187","PayoutAdded(0x684d30c3504fea374fc21ecbaf1a5d86e4eee278, 38504178461252401177); "
"11504939","50","188","PayoutAdded(0x332d87209f7c8296389c307eae170c2440830a47, 39469386854484000082); "
"11504939","50","189","PayoutAdded(0x260874cc5c672f60c9d5c4b2ffe34262ee7797ac, 40356705769687302165); "
"11504939","50","190","PayoutAdded(0xd0a3800cca1a3e46feec30858e8562a21edd8c7c, 40930817241076702828); "
"11504939","50","191","PayoutAdded(0x0639092a9c3d9467dd6f89a13213541c8a1e58b2, 42549371903933597138); "
"11504939","50","192","PayoutAdded(0xe126b3e5d052f1f575828f61feba4f4f2603652a, 43254925706320200617); "
"11504939","50","193","PayoutAdded(0xf5913759b449fae8900d61f7116d451d200c60f7, 45681793531650797035); "
"11504939","50","194","PayoutAdded(0x5645e6537e86cfd8ccdb2ff6af79e2e1e30a60cd, 46972974427459099899); "
"11504939","50","195","PayoutAdded(0xe364afb0a03c31208d9e895006a1cc1144c5a2a2, 51579945541722899804); "
"11504939","50","196","PayoutAdded(0x08ceb8bba685ee708c9c4c65576837cbe19b9dea, 53717355585198596656); "
"11504939","50","197","PayoutAdded(0x0cf861f96378dbd5194d74cbe6b0424fafaed940, 55124901325625103254); "
"11504939","50","198","PayoutAdded(0x6e38bfe9dfc75e60116af517985e601aea06273c, 64847669670321096191); "
"11504939","50","199","PayoutAdded(0x0f435396f61654bbf69f621e12d592942cd761bc, 65653172888143799923); "
"11504939","50","200","PayoutAdded(0xf64bbc221f89cc882fba507908bbe4ae3ad2f470, 66167155503877097544); "
"11504939","50","201","PayoutAdded(0xc024685cb18933ac67d82c9e5d0e8f5d5b9dbddd, 66294313918287997466); "
"11504939","50","202","PayoutAdded(0x694c7ca85584d550b36c044e10d3a7b30d85e7f7, 66950505187293103404); "
"11504939","50","203","PayoutAdded(0xffd55d121713682b27fd4ad42270461830c45a3e, 67534891727736294342); "
"11504939","50","204","PayoutAdded(0x8e6d2b4f3e8179ee5614c86f99a0605d142f8d9c, 68004313489114693425); "
"11504939","50","205","PayoutAdded(0x7d4a43b60da2445299ef37fbcd986981edb87546, 75523409877820995461); "
"11504939","50","206","PayoutAdded(0x98f21584006c79871f176f8d474958a69e04595b, 79777412664692306520); "
"11504939","50","207","PayoutAdded(0x067f2bef6a1f929544253b9fb95f99bae77b2518, 82354732931922001171); "
"11504939","50","208","PayoutAdded(0xc34ad4a95adcd9021182fd5607ed822db738e7c4, 86128793165122203845); "
"11504939","50","209","PayoutAdded(0xb6f7c2a6eefb0d627d149d7263152ad4548120f2, 87719522127586799342); "
"11504939","50","210","PayoutAdded(0x908630dfde60552daf5291c7081cf2fd475cb368, 88656314853671204900); "
"11504939","50","211","PayoutAdded(0xd91ec22114897e5e68997f77a6182de3cb09ba9b, 91481187274546797993); "
"11504939","50","212","PayoutAdded(0x0ec8bea26e3ca271010ef02decb84bfb9139472b, 92232680372280597680); "
"11504939","50","213","PayoutAdded(0x32cefb2dc869bbfe636f7547cda43f561bf88d5a, 97748859385708897207); "
"11504939","50","214","PayoutAdded(0xe4c84ae002475e48850ed78796a477ba97ed90dc, 98585506221114997060); "
"11504939","50","215","PayoutAdded(0xc37e165fcfa2cb5cca7329dd9daa8cd72907b983, 101867811097808996123); "
"11504939","50","216","PayoutAdded(0xb49b78791e4d45b38dabe1315d33a02ce44076f8, 111949162047339996206); "
"11504939","50","217","PayoutAdded(0xe0c76dc4028c6b24d781ef0a298da47fbd355bb8, 112869490605999004628); "
"11504939","50","218","PayoutAdded(0xb120c885f1527394c78d50e7c7da57defb24f612, 114839421122556998966); "
"11504939","50","219","PayoutAdded(0xaa7a9d80971e58641442774c373c94aafee87d66, 115246499434098993219); "
"11504939","50","220","PayoutAdded(0x4647116a410ca5e80ee2be0077335bbf0db35166, 116582600076841998770); "
"11504939","50","221","PayoutAdded(0x549adf7b383a1645f26a2acfe09c5304b679a532, 124424110600586004693); "
"11504939","50","222","PayoutAdded(0xb6568dc090302196ec8edf56d99c3484cee94e6a, 126237047286353003983); "
"11504939","50","223","PayoutAdded(0x66aa8bee5366b6b48811ae0dac9fe5e1eefe1621, 126585940621860004284); "
"11504939","50","224","PayoutAdded(0xdd4c48c0b24039969fc16d1cdf626eab821d3384, 130789858908685999949); "
"11504939","50","225","PayoutAdded(0xc741cdda197af87acd54a4a5f563c8efdbc754b7, 144351647773183998424); "
"11504939","50","226","PayoutAdded(0xf503017d7baf7fbc0fff7492b751025c6a78179b, 149726045796096002504); "
"11504939","50","227","PayoutAdded(0x59471d7505c0a351973b24271817fec70b85c5ee, 159849577518138005416); "
"11504939","50","228","PayoutAdded(0x2489404ede77ec853c3345424bb919c9031856e2, 163405835198572987110); "
"11504939","50","229","PayoutAdded(0x15ef9189a8282e4e1e985eb8ed767e7426b4bfd5, 169648868417375012995); "
"11504939","50","230","PayoutAdded(0x1ba0dc2bab6cf9ef50dc63755246e90d6aa821c4, 172350802201470003183); "
"11504939","50","231","PayoutAdded(0xd1eddfcc4596cc8bd0bd7495beab9b979fc50336, 175316212296933002789); "
"11504939","51","232","PayoutAdded(0xddb1cb4edbcd83066abf26e7102dc0e88009deab, 179483943280751987003); "
"11504939","51","233","PayoutAdded(0x13586f8425544865372ebb5db71bd52bc8ce06f2, 179485019772078004507); "
"11504939","51","234","PayoutAdded(0x8917418abe36e6e788068e96ef5a47d7484c06b1, 204788132857791993046); "
"11504939","51","235","PayoutAdded(0x8b3765eda5207fb21690874b722ae276b96260e0, 211341170752727009585); "
"11504939","51","236","PayoutAdded(0xebdb626c95a25f4e304336b1adcad0521a1bdca1, 215628180602617987915); "
"11504939","51","237","PayoutAdded(0xcca88b952976da313fb928111f2d5c390ee0d723, 221071202077862011492); "
"11504939","51","238","PayoutAdded(0xd9d66f6eb790c82a1e98cda99c153983461a3725, 223764872563396011173); "
"11504939","51","239","PayoutAdded(0xe6ce4e57b6cbcd4012ffbfd8487e776eb524fcbe, 227515696833454001080); "
"11504939","51","240","PayoutAdded(0x3c7bc69e09e387906ff6f60db5a49d3fa2c1ddb0, 241265558765854990497); "
"11504939","51","241","PayoutAdded(0x8ccf2a7dcf8598b51488861d8d380322b7117ff8, 245098163620529987838); "
"11504939","51","242","PayoutAdded(0x2c5ff0be38115fe6e37acce8e94f86186c3d73df, 248905823122957997384); "
"11504939","51","243","PayoutAdded(0xcfd38669d8cbdb7c933740db35bc83f64ff8b251, 250841392979373011939); "
"11504939","51","244","PayoutAdded(0x1506c4717416e811aeb34ffd9b914ee97f429708, 263767509257038000214); "
"11504939","51","245","PayoutAdded(0x97ae2b3377e499536379196df6c2df6469fa5f17, 268474085968535007395); "
"11504939","51","246","PayoutAdded(0x4d07af703c163540c59763ff404710204334af81, 283225333508707024066); "
"11504939","51","247","PayoutAdded(0xaddf10e1f4baa96e007f61448b70a3033c9b45d3, 286541613962085989442); "
"11504939","51","248","PayoutAdded(0xff1a55180f24800fdc6392cdd4fe20d50f32d10e, 306728191576914014149); "
"11504939","51","249","PayoutAdded(0x6a3738c6299f45c31697acea647d49edcc9c28a4, 311501449601562001134); "
"11504939","51","250","PayoutAdded(0xe7e2e1de02cdc8dc307ea4cd237c0a24cf52f2aa, 320429116231426974081); "
"11504939","51","251","PayoutAdded(0x9678d41b9d8fe4c3288de358f1eb179a38d09c33, 322265654956607022540); "
"11504939","51","252","PayoutAdded(0x0087a081a9b430fd8f688c6ac5dd24421bfb060d, 332809002237662980405); "
"11504939","51","253","PayoutAdded(0x9c159121ceebf937e9bad98fd0c895d7f6038bd4, 355893027030112023112); "
"11504939","51","254","PayoutAdded(0xee8f6ae101dd7048dd8484eeaabbc1efd352eaae, 362269056734842990863); "
"11504939","51","255","PayoutAdded(0xcf83d0c22dd54475cc0c52721b0ef07d9756e8c0, 369765261929799009976); "
"11504939","51","256","PayoutAdded(0xf0d7a8198d75e10517f035cf11b928e9e2ab20f4, 393353052983508007400); "
"11504939","51","257","PayoutAdded(0xa0527ba80d811cd45d452481caf902dfd6f5b8c2, 408800987197855988597); "
"11504939","51","258","PayoutAdded(0x68c5ae32f00c2b884d867f9ea70a4e4b6d04e0f6, 411834798357398994994); "
"11504939","51","259","PayoutAdded(0x7b187f598b910374109222bac494f508a49bd209, 453439745048483018763); "
"11504939","51","260","PayoutAdded(0x9e1441dc213cea8c8c059f01bba6b8f410674e7a, 457173476817849973485); "
"11504939","51","261","PayoutAdded(0x8296df9a01299ee0a1ae9e5939f1a71998ea26fa, 464402290924837018337); "
"11504939","51","262","PayoutAdded(0x1a64215d60ecb90dc4a3466f4b54ee89b0d25838, 506920805762533973393); "
"11504939","51","263","PayoutAdded(0x9ac9c636404c8d46d9eb966d7179983ba5a3941a, 3323625500240621249758); "
"11504939","51","264","PayoutAdded(0x4985ad3d7d81c9e9a4cb2cc080f0c6baa55d8f74, 545962147865569022542); "
"11504939","51","265","PayoutAdded(0xbb400a040606e61e46f3aaee2fe3ea1dab5fdead, 613764763586808953732); "
"11504939","51","266","PayoutAdded(0xbb2581d00c6a72df195e6f3d3f02557fda48f401, 623468175697091965048); "
"11504939","51","267","PayoutAdded(0x4ab5e3f0b2d1604dd2002cfeca6163802d74c6cb, 631249478689866009517); "
"11504939","51","268","PayoutAdded(0x45e4b9b6bd6fcfb6b4f7c391744baecfc9e04326, 638955463820765999116); "
"11504939","51","269","PayoutAdded(0x6eaa370adb52be8f86fef2a4ee86c4eca0f2f320, 643115250259116010056); "
"11504939","51","270","PayoutAdded(0xa8a4912938549d50ef3e7c698c890e18d73408ee, 671819657488955954249); "
"11504939","51","271","PayoutAdded(0xba0fee8490118fc4f46bd0974d7bf93d0e2f1064, 676787137355118034065); "
"11504939","51","272","PayoutAdded(0x4e3d9399c28c724293dd545225ec843ac4c9e953, 687147473298027989585); "
"11504939","51","273","PayoutAdded(0x6868738d8e1e38e4bd2eb601262453d626d9648c, 725747290081456981170); "
"11504939","51","274","PayoutAdded(0x73a73c62d272c6585948da24b17c497e3f51fd9c, 748857429672451985425); "
"11504939","51","275","PayoutAdded(0x396e0dcd35a534975bff6bf044ac0e373a29d231, 761921457031865998033); "
"11504939","51","276","PayoutAdded(0xa2d5266647f5c5812cbdfd9419643704c81a3b4c, 764085937689799038707); "
"11504939","51","277","PayoutAdded(0x62661b101ca48734668669a9f1cb83c4889049f3, 777928039182781958515); "
"11504939","51","278","PayoutAdded(0x1a207beefc754735871ceeb4c506686f044b1c41, 798537642881338001643); "
"11504939","51","279","PayoutAdded(0x06c401236b6d0ec77e3c8cf806773d77e424931e, 803218622865785050635); "
"11504939","51","280","PayoutAdded(0x521aacb43d89e1b8ffd64d9ef76b0a1074dedaf8, 819243956986341004267); "
"11504939","51","281","PayoutAdded(0x3c5aac016ef2f178e8699d6208796a2d67557fe2, 819335015486546012652); "
"11504939","51","282","PayoutAdded(0x3945d766185e2264900c84fac10958b3619c2bd4, 825141404013028022745); "
"11504939","51","283","PayoutAdded(0x133d705a9696882228f6bb7fe008745aef7cdc93, 826565117442374003076); "
"11504939","51","284","PayoutAdded(0x3b067af83f540cb827825a6ee5480441a4237e77, 841917154438471015964); "
"11504939","51","285","PayoutAdded(0x073ab1c0cad3677cde9bdb0cdeedc2085c029579, 859761282303550956385); "
"11504939","51","286","PayoutAdded(0xfc756d8632a19cebd76560ce0a6967279e32131b, 870962928625434983587); "
"11504939","51","287","PayoutAdded(0x7293edfbe890854cb698119cc31441b063f44878, 880478619788401033474); "
"11504939","51","288","PayoutAdded(0xa0de36e3fb74abb696a0a782a9c41527bbed33d4, 907443337545116946785); "
"11504939","51","289","PayoutAdded(0xb202fdfcbc6ac0d844194b06d58d961baf9030e7, 924680705541292013549); "
"11504939","51","290","PayoutAdded(0x57ea12a3a8e441f5fe7b1f3af1121097b7d3b6a8, 953273921525434047907); "
"11504939","51","291","PayoutAdded(0x9c2d119c158db2a02621bbd44770b0715b1dfcc6, 957307432075593965237); "
"11504939","51","292","PayoutAdded(0x7030b43e821ba34124915ba65b90dbda7a9e7d09, 960428174166375015374); "
"11504939","51","293","PayoutAdded(0x0a0b368c0f1644fa269f0d6377232906747754a3, 972390955942535015310); "
"11504939","51","294","PayoutAdded(0xa44ac6edcf0c258e2af9bccf867b86a7f808f5a6, 983905322704703053204); "
"11504939","51","295","PayoutAdded(0xd8ff82d36d1439ed3ef8cbb4b28178ff7f6b7209, 1029242620160930073325); "
"11504939","51","296","PayoutAdded(0x0e3655263d2db2c7ece965557d3889be0716c48b, 1045671288952039958530); "
"11504939","51","297","PayoutAdded(0x74d8967e812de34702ecd3d453a44bf37440b10b, 1108155622233299936851); "
"11504939","51","298","PayoutAdded(0xbeb87b2e4d8b89cd2af8a3c7103db7fb2f5af022, 1159636432412250087509); "
"11504939","51","299","PayoutAdded(0xd24194ffe1754ebef2d2f878446d306b6c938527, 1175238929401210043579); "
"11504939","51","300","PayoutAdded(0x422ae3412510d6c877b259dad402ddeaf1fdb28e, 1221259526213729941446); "
"11504939","51","301","PayoutAdded(0xbcd768c566143714309afe87feb901da7543f470, 1292116422866819902992); "
"11504939","51","302","PayoutAdded(0xd6db4be0b1c33987dc01cbf113b5f07c0232a07a, 1334608646469170025739); "
"11504939","51","303","PayoutAdded(0x4bf66e52f3009cd138e48f142d47661037160001, 1342125161829719900197); "
"11504939","51","304","PayoutAdded(0x97843608a00e2bbc75ab0c1911387e002565dede, 1371037209360820043002); "
"11504939","51","305","PayoutAdded(0x39de05b0984693a0a2e0e6c87a89eee66ae4aae3, 1431477327587839909028); "
"11504939","51","306","PayoutAdded(0x1251a94b6d800979d2d933b8bd5914b892772ac6, 1437771578834280035152); "
"11504939","51","307","PayoutAdded(0x9fadb9e1a5d82451f066fa037e37455aec2e5ccc, 1564277861899890012864); "
"11504939","51","308","PayoutAdded(0x90dfc35e747ffcf9631ce75348f99632528e1704, 1628451703814329903252); "
"11504939","51","309","PayoutAdded(0xcffe08bdf20918007f8ab268c32f8756494fc8d8, 1672880437081819991362); "
"11504939","51","310","PayoutAdded(0xb35cd25e91b376eafba79abe71d78814dec3401a, 1772701075203279970082); "
"11504939","51","311","PayoutAdded(0xcc9354e76bc27bc846934d22df6e1efa77b6a80d, 1812132749970269969708); "
"11504939","51","312","PayoutAdded(0xe57c9da5c04ad70f1aa33331d6e3628433ec63ef, 1939183780457389957518); "
"11504939","51","313","PayoutAdded(0x648aa14e4424e0825a5ce739c8c68610e143fb79, 2155404084675949889060); "
"11504939","51","314","PayoutAdded(0xcaee9399d02e1c2178d506029d6497de3c2febfb, 2348754566278350011998); "
"11504939","51","315","PayoutAdded(0x663d3947f03ef5b387992b880ac85940057c13e3, 2602197591725730035250); "
"11504939","51","316","PayoutAdded(0x614a61a3b7f2fd8750acaad63b2a0cfe8b8524f1, 2681304275815679829975); "
"11504939","51","317","PayoutAdded(0xaf30b0285bb41bdbb732e4a533874901e4943522, 2719610446060049980587); "
"11504939","51","318","PayoutAdded(0x42941bc83b698d47d0bbe9a1a49280388db44cb8, 2729516289064660213625); "
"11504939","51","319","PayoutAdded(0x76d836358e7a2bb0f26c32ce61dc8dd540b02f7d, 2751842539874320209491); "
"11504939","51","320","PayoutAdded(0xa19fcdad77c1f0fd184689aca88babcf68010347, 2974407922705309829325); "
"11504939","51","321","PayoutAdded(0x78f3c73f5500335aac51e4c2a79555d176b279da, 3087611343505150216515); "
"11504939","51","322","PayoutAdded(0x00de4b13153673bcae2616b67bf822500d325fc3, 7616026144459990064206); "
"11504939","51","323","PayoutAdded(0xfd15b3d113200951b35cf0f0edf63c7f5925705f, 3273831739877340169186); "
"11504939","51","324","PayoutAdded(0x7415efd9d908281ea0279c49a6c23011d9d9a0a4, 3471035914715359922411); "
"11504939","51","325","PayoutAdded(0x32b74b90407309f6637245292cd90347de658a37, 3476885988206689944490); "
"11504939","51","326","PayoutAdded(0x587fb98e404a18503a24cf19abb1887704beb407, 4013684521456750189827); "
"11504939","51","327","PayoutAdded(0xd165df4296c85e780509fa1eace0150d945d49fd, 4162219139866069781419); "
"11504939","51","328","PayoutAdded(0x5b92bd6c37a1958f95ea1e56b6121a89314cfb66, 4175553461983709894411); "
"11504939","51","329","PayoutAdded(0x8df168a41c3a3c6be0e9208d5027ea80f2c5ba25, 4224323656566360114084); "
"11504939","51","330","PayoutAdded(0x41997060113af630a591e6cb23e1bc15fc90dc73, 4330636480018880320130); "
"11504939","51","331","PayoutAdded(0xa357c5dc01d8ab4f3af519b0537468391e3e0976, 4430995948188249712984); "
"11504939","51","332","PayoutAdded(0x3c5c2f4bcec51a36494682f91dbc6ca7c63b514c, 4437342254166240309132); "
"11504939","51","333","PayoutAdded(0xa3f83326ce7bd51fb6fdfc3d1c7fa76dc9d52aee, 4496521213290930063521); "
"11504939","51","334","PayoutAdded(0xd1933df1c223ad7cb5716b066ca26bc24569e622, 4935974508537559813703); "
"11504939","51","335","PayoutAdded(0xbc11295936aa79d594139de1b2e12629414f3bdb, 4994945494248259819869); "
"11504939","51","336","PayoutAdded(0x70e47c843e0f6ab0991a3189c28f2957eb6d3842, 5003448109891989588504); "
"11504939","51","337","PayoutAdded(0x20d08e58952bb70ff0ec1271085ca969c14be2a3, 5306438573299489689816); "
"11504939","51","338","PayoutAdded(0x8ba1f109551bd432803012645ac136ddd64dba72, 5353792646901560146943); "
"11504939","51","339","PayoutAdded(0x4b8810b079eb22ecf2d1f75e08e0abbd6fd87dbf, 5355675866894360297010); "
"11504939","51","340","PayoutAdded(0x2f71129b240080c638ac8d993bff52169e3551c3, 5488907623584410430339); "
"11504939","51","341","PayoutAdded(0xcbec15583a21c3ddad5fab658be5b4fe85df730b, 5956485319961499953933); "
"11504939","51","342","PayoutAdded(0x7a369245ad5e44018d677b60d5bd4ff904da180e, 5989602885223290286376); "
"11504939","51","343","PayoutAdded(0x8c28cf33d9fd3d0293f963b1cd27e3ff422b425c, 5997044616219580348115); "
"11504939","51","344","PayoutAdded(0x9b984d5a03980d8dc0a24506c968465424c81dbe, 6634293675284309756534); "
"11504939","51","345","PayoutAdded(0x9531c059098e3d194ff87febb587ab07b30b1306, 7715435676707689708564); "
"11504939","51","346","PayoutAdded(0x934b510d4c9103e6a87aef13b816fb080286d649, 8651438870026440781657); "
"11504939","51","347","PayoutAdded(0x9d4e94db689bc471e45b0a18b7bda36fccec9c3b, 9735659336078570049721); "
"11504939","51","348","PayoutAdded(0xc9a872868afa68ba937f65a1c5b4b252dab15d85, 9771802615249680457054); "
"11504939","51","349","PayoutAdded(0x413db04a4d7207cae7a7686639ce68caac137bae, 10393420224001300084637); "
"11504939","51","350","PayoutAdded(0x8110d1d04ac316fdcace8f24fd60c86b810ab15a, 10770790950487700683879); "
"11504939","51","351","PayoutAdded(0x7ba18d8d4b0e4eb06a720af2bec29603078c806b, 10865830988969599275151); "
"11504939","52","352","PayoutAdded(0x00cf36853aa4024fb5bf5cc377dfd85844b411a0, 11111393325278000702382); "
"11504939","52","353","PayoutAdded(0x07169d3d71dc9c1c7c1656b3436a984d50619860, 15678997476353000820381); "
"11504939","52","354","PayoutAdded(0x097b7feb64d0b272efc3092f833b0e18bd4d1521, 21417489538598500075750); "
"11504939","52","355","PayoutAdded(0x844e211e291077b11221c0f18615a64f2ff19c26, 22948947617069399711908); "
"11505508","185","167","PayoutClaimed(0x00de4b13153673bcae2616b67bf822500d325fc3, 7616026144459990064206); "
"11505521","69","89","PayoutClaimed(0x57ea12a3a8e441f5fe7b1f3af1121097b7d3b6a8, 953273921525434047907); "
"11505989","37","94","PayoutClaimed(0x844e211e291077b11221c0f18615a64f2ff19c26, 22948947617069399711908); "
"11506033","73","184","PayoutClaimed(0xf0d7a8198d75e10517f035cf11b928e9e2ab20f4, 393353052983508007400); "
"11506166","118","194","PayoutClaimed(0x6b414ae959cfd44f0850c6811493aef0abd074f4, 462987396153114016); "
"11506169","98","183","PayoutClaimed(0x614a61a3b7f2fd8750acaad63b2a0cfe8b8524f1, 2681304275815679829975); "
"11506231","94","179","PayoutClaimed(0xb6568dc090302196ec8edf56d99c3484cee94e6a, 126237047286353003983); "
"11506233","172","358","PayoutClaimed(0xdaec7153e3a1314bb95728d5e615405ba399943b, 746222158796120971); "
"11506251","74","175","PayoutClaimed(0xc34ad4a95adcd9021182fd5607ed822db738e7c4, 86128793165122203845); "
"11506315","76","87","PayoutClaimed(0xbb400a040606e61e46f3aaee2fe3ea1dab5fdead, 613764763586808953732); "
"11506319","94","243","PayoutClaimed(0xfc756d8632a19cebd76560ce0a6967279e32131b, 870962928625434983587); "
"11506353","103","329","PayoutClaimed(0x5645e6537e86cfd8ccdb2ff6af79e2e1e30a60cd, 46972974427459099899); "
"11506353","104","331","PayoutClaimed(0x4f0a1940de411285ad0455a7f40c81b5e0bc8492, 18404859965400500954); "
"11506402","138","282","PayoutClaimed(0x8df168a41c3a3c6be0e9208d5027ea80f2c5ba25, 4224323656566360114084); "
"11506423","150","246","PayoutClaimed(0x4647116a410ca5e80ee2be0077335bbf0db35166, 116582600076841998770); "
"11506423","151","248","PayoutClaimed(0x4647116a410ca5e80ee2be0077335bbf0db35166, 0); "
"11506505","64","128","PayoutClaimed(0xcf83d0c22dd54475cc0c52721b0ef07d9756e8c0, 369765261929799009976); "
"11506527","125","217","PayoutClaimed(0x68c5ae32f00c2b884d867f9ea70a4e4b6d04e0f6, 411834798357398994994); "
"11506538","62","144","PayoutClaimed(0x587fb98e404a18503a24cf19abb1887704beb407, 4013684521456750189827); "
"11506539","133","237","PayoutClaimed(0x20d08e58952bb70ff0ec1271085ca969c14be2a3, 5306438573299489689816); "
"11506572","170","298","PayoutClaimed(0xebdb626c95a25f4e304336b1adcad0521a1bdca1, 215628180602617987915); "
"11506575","105","178","PayoutClaimed(0xc741cdda197af87acd54a4a5f563c8efdbc754b7, 144351647773183998424); "
"11506620","166","268","PayoutClaimed(0xdd25adc79296bf72efb3ec9ba8cab1c71037704e, 14066013574523800855); "
"11506629","64","163","PayoutClaimed(0x42dfaf5266ad40ab4533f9806f5cc1df4c1eb363, 7920500356867799851); "
"11506685","230","206","PayoutClaimed(0x32cefb2dc869bbfe636f7547cda43f561bf88d5a, 97748859385708897207); "
"11506690","74","161","PayoutClaimed(0x3792acdf2a8658fbade0ea70c47b89cb7777a5a5, 15522777635428800735); "
"11506696","172","187","PayoutClaimed(0xd1eddfcc4596cc8bd0bd7495beab9b979fc50336, 175316212296933002789); "
"11506770","185","347","PayoutClaimed(0xe6ce4e57b6cbcd4012ffbfd8487e776eb524fcbe, 227515696833454001080); "
"11506791","105","262","PayoutClaimed(0x1a207beefc754735871ceeb4c506686f044b1c41, 798537642881338001643); "
"11506818","88","202","PayoutClaimed(0x7b187f598b910374109222bac494f508a49bd209, 453439745048483018763); "
"11506959","79","113","PayoutClaimed(0xa3f83326ce7bd51fb6fdfc3d1c7fa76dc9d52aee, 4496521213290930063521); "
"11507007","197","283","PayoutClaimed(0x0087a081a9b430fd8f688c6ac5dd24421bfb060d, 332809002237662980405); "
"11507011","160","169","PayoutClaimed(0xa19fcdad77c1f0fd184689aca88babcf68010347, 2974407922705309829325); "
"11507018","45","88","PayoutClaimed(0x648aa14e4424e0825a5ce739c8c68610e143fb79, 2155404084675949889060); "
"11507041","145","222","PayoutClaimed(0x07cde58672343e8a9103856c9ef40e676af03d96, 8675486937915449559); "
"11507094","100","189","PayoutClaimed(0x6e38bfe9dfc75e60116af517985e601aea06273c, 64847669670321096191); "
"11507182","95","266","PayoutClaimed(0x27c387f970716562687a471cf176cdef1fbc1ee9, 20497364755324600338); "
"11507191","139","302","PayoutClaimed(0x3c5aac016ef2f178e8699d6208796a2d67557fe2, 819335015486546012652); "
"11507233","116","263","PayoutClaimed(0x41d2a18e1ddacdabfddadb62e9aee67c63070b76, 17807211846044999958); "
"11507492","170","248","PayoutClaimed(0x0a0b368c0f1644fa269f0d6377232906747754a3, 972390955942535015310); "
"11507532","172","338","PayoutClaimed(0xa357c5dc01d8ab4f3af519b0537468391e3e0976, 4430995948188249712984); "
"11507538","177","307","PayoutClaimed(0xb35cd25e91b376eafba79abe71d78814dec3401a, 1772701075203279970082); "
"11507610","38","106","PayoutClaimed(0xa1e4052bdf596b9272f4af6c0e97957a251db3a1, 38224325148582698); "
"11507702","88","211","PayoutClaimed(0x1a64215d60ecb90dc4a3466f4b54ee89b0d25838, 506920805762533973393); "
"11507754","150","348","PayoutClaimed(0xd1a8dd23e356b9fae27df5def9ea025a602ec81e, 16248818927813701407); "
"11507884","136","309","PayoutClaimed(0xbeb87b2e4d8b89cd2af8a3c7103db7fb2f5af022, 1159636432412250087509); "
"11507986","143","133","PayoutClaimed(0xd9d66f6eb790c82a1e98cda99c153983461a3725, 223764872563396011173); "
"11508173","101","176","PayoutClaimed(0x8c28cf33d9fd3d0293f963b1cd27e3ff422b425c, 5997044616219580348115); "
"11508248","213","294","PayoutClaimed(0x521aacb43d89e1b8ffd64d9ef76b0a1074dedaf8, 819243956986341004267); "
"11508269","187","203","PayoutClaimed(0x4e3d9399c28c724293dd545225ec843ac4c9e953, 687147473298027989585); "
"11508446","42","53","PayoutClaimed(0x627ca7601e943cbffd21aeeb7bb06b9a3137b0ec, 939444465796279049); "
"11508630","128","169","PayoutClaimed(0x9fc13b4e1c4206970a1c4520d2f77336cd5d0e0a, 350402483788783403184); "
"11508725","62","70","PayoutClaimed(0xfd15b3d113200951b35cf0f0edf63c7f5925705f, 3273831739877340169186); "
"11508730","182","183","PayoutClaimed(0xfd15b3d113200951b35cf0f0edf63c7f5925705f, 0); "
"11508843","119","253","PayoutClaimed(0xc5c38f1ca2316c3351ba91537ffc1dd80e0d257b, 32274022733233699966); "
"11508843","120","255","PayoutClaimed(0xc5c38f1ca2316c3351ba91537ffc1dd80e0d257b, 0); "
"11508843","170","328","PayoutClaimed(0x28ee8ba54afe95a6aca17cf4913f929fbeafd402, 3357638837800359876); "
"11508959","151","205","PayoutClaimed(0xb29884b1861b142c76a8f9b71ccbd1dd883c9e1f, 606524316215230951); "
"11508996","184","264","PayoutClaimed(0xdedb9311bb46a654eaa815f32e98ec092b0c2655, 4146862241220749645); "
"11509000","201","353","PayoutClaimed(0xe126b3e5d052f1f575828f61feba4f4f2603652a, 43254925706320200617); "
"11509092","193","301","PayoutClaimed(0x8b3765eda5207fb21690874b722ae276b96260e0, 211341170752727009585); "
"11509119","102","159","PayoutClaimed(0x523b5b2cc58a818667c22c862930b141f85d49dd, 11988339498831800611); "
"11509119","152","220","PayoutClaimed(0x201930f7b5a5fa20496fe90411f7babef35e94dc, 18635060186020400152); "
"11509306","102","137","PayoutClaimed(0x4bf66e52f3009cd138e48f142d47661037160001, 1342125161829719900197); "
"11509360","167","285","PayoutClaimed(0xbc11295936aa79d594139de1b2e12629414f3bdb, 4994945494248259819869); "
"11509540","98","146","PayoutClaimed(0xd6db4be0b1c33987dc01cbf113b5f07c0232a07a, 1334608646469170025739); "
"11509621","97","175","PayoutClaimed(0xd8ff82d36d1439ed3ef8cbb4b28178ff7f6b7209, 1029242620160930073325); "
"11509656","105","144","PayoutClaimed(0x4ab5e3f0b2d1604dd2002cfeca6163802d74c6cb, 631249478689866009517); "
"11509844","246","237","PayoutClaimed(0x74d8967e812de34702ecd3d453a44bf37440b10b, 1108155622233299936851); "
"11509912","132","247","PayoutClaimed(0x9c2d119c158db2a02621bbd44770b0715b1dfcc6, 957307432075593965237); "
"11510131","162","331","PayoutClaimed(0xf503017d7baf7fbc0fff7492b751025c6a78179b, 149726045796096002504); "
"11510188","159","266","PayoutClaimed(0x00cf36853aa4024fb5bf5cc377dfd85844b411a0, 11111393325278000702382); "
"11510231","72","226","PayoutClaimed(0x3945d766185e2264900c84fac10958b3619c2bd4, 825141404013028022745); "
"11510271","65","120","PayoutClaimed(0xff1a55180f24800fdc6392cdd4fe20d50f32d10e, 306728191576914014149); "
"11510276","133","185","PayoutClaimed(0xd1933df1c223ad7cb5716b066ca26bc24569e622, 4935974508537559813703); "
"11510302","183","271","PayoutClaimed(0x396e0dcd35a534975bff6bf044ac0e373a29d231, 761921457031865998033); "
"11510362","138","231","PayoutClaimed(0xaddf10e1f4baa96e007f61448b70a3033c9b45d3, 286541613962085989442); "
"11510812","155","250","PayoutClaimed(0xf640b593405327f8bdac43be9a9af90900cc9d18, 25177030045421201); "
"11510812","166","274","PayoutClaimed(0xcbec15583a21c3ddad5fab658be5b4fe85df730b, 5956485319961499953933); "
"11511240","30","53","PayoutClaimed(0x9ac9c636404c8d46d9eb966d7179983ba5a3941a, 3323625500240621249758); "
"11511389","118","306","PayoutClaimed(0xe7e2e1de02cdc8dc307ea4cd237c0a24cf52f2aa, 320429116231426974081); "
"11511402","76","300","PayoutClaimed(0x549adf7b383a1645f26a2acfe09c5304b679a532, 124424110600586004693); "
"11511591","120","192","PayoutClaimed(0xcffe08bdf20918007f8ab268c32f8756494fc8d8, 1672880437081819991362); "
"11511904","20","57","PayoutClaimed(0x073ab1c0cad3677cde9bdb0cdeedc2085c029579, 859761282303550956385); "
"11511934","131","239","PayoutClaimed(0x1591b9056822c273252fcea32963223650db18e1, 18759422142116999765); "
"11512211","64","108","PayoutClaimed(0xee8f6ae101dd7048dd8484eeaabbc1efd352eaae, 362269056734842990863); "
"11512357","85","216","PayoutClaimed(0x465dca9995d6c2a81a9be80fbced5a770dee3dae, 13465530893134900480); "
"11512871","100","291","PayoutClaimed(0xe25d4ddf0bf2777269900115087597f28017c897, 15157767148911100107); "
"11513736","106","205","PayoutClaimed(0xd57462a554497cc4518df2fdb1e01c14ab83134b, 92142632642280800); "
"11514111","124","207","PayoutClaimed(0x9fadb9e1a5d82451f066fa037e37455aec2e5ccc, 1564277861899890012864); "
"11514175","154","236","PayoutClaimed(0xe57c9da5c04ad70f1aa33331d6e3628433ec63ef, 1939183780457389957518); "
"11514315","108","202","PayoutClaimed(0x73a73c62d272c6585948da24b17c497e3f51fd9c, 748857429672451985425); "
"11514379","49","344","PayoutClaimed(0xa44ac6edcf0c258e2af9bccf867b86a7f808f5a6, 983905322704703053204); "
"11514421","115","194","PayoutClaimed(0xa0de36e3fb74abb696a0a782a9c41527bbed33d4, 907443337545116946785); "
"11514452","193","316","PayoutClaimed(0x9e1441dc213cea8c8c059f01bba6b8f410674e7a, 457173476817849973485); "
"11514526","113","203","PayoutClaimed(0x7293edfbe890854cb698119cc31441b063f44878, 880478619788401033474); "
"11515412","63","115","PayoutClaimed(0x3b067af83f540cb827825a6ee5480441a4237e77, 841917154438471015964); "
"11516477","192","242","PayoutClaimed(0x24c492413fcfd5a8370f43f69205563c3d39cc5d, 26314553753694301718); "
"11516954","135","248","PayoutClaimed(0xcfd38669d8cbdb7c933740db35bc83f64ff8b251, 250841392979373011939); "
"11517007","247","101","PayoutClaimed(0x5451d62f16d490572253e0666ebbb6a045eaf2d1, 12198650734587600297); "
"11517023","159","184","PayoutClaimed(0xc172542e7f4f625bb0301f0bafc423092d9cac71, 8481310809889679447); "
"11517052","72","137","PayoutClaimed(0x6ceb397b68059ca73049874d0a30c62500ae9877, 1729263786396810109); "
"11517084","111","242","PayoutClaimed(0xaa7a9d80971e58641442774c373c94aafee87d66, 115246499434098993219); "
"11517147","93","161","PayoutClaimed(0x4b8810b079eb22ecf2d1f75e08e0abbd6fd87dbf, 5355675866894360297010); "
"11517230","114","114","PayoutClaimed(0x97ae2b3377e499536379196df6c2df6469fa5f17, 268474085968535007395); "
"11517247","131","186","PayoutClaimed(0x7d568b307ba20fcf4684fd7877a00e4d90ee9199, 3622904524400520021); "
"11517335","97","139","PayoutClaimed(0xb1b4fd7ea1a74b6e5652a2bcf794224fd79544f5, 11930815144510699354); "
"11517502","127","197","PayoutClaimed(0x0f435396f61654bbf69f621e12d592942cd761bc, 65653172888143799923); "
"11517531","57","110","PayoutClaimed(0xa78edd98d7ab5caca5236fc3999d4ee9868795fe, 2694467549983260212); "
"11517986","30","52","PayoutClaimed(0x4194ce73ac3fbbece8ffa878c2b5a8c90333e724, 31029876616872201111); "
"11519363","76","136","PayoutClaimed(0x7c04b6f7eedf698d0659ed873a0bcc227bd9fa00, 14627193044372699404); "
"11520939","40","89","PayoutClaimed(0x06c401236b6d0ec77e3c8cf806773d77e424931e, 803218622865785050635); "
"11520948","116","251","PayoutClaimed(0x42941bc83b698d47d0bbe9a1a49280388db44cb8, 2729516289064660213625); "
"11522360","122","212","PayoutClaimed(0x9531c059098e3d194ff87febb587ab07b30b1306, 7715435676707689708564); "
"11523632","157","333","PayoutClaimed(0x76d836358e7a2bb0f26c32ce61dc8dd540b02f7d, 2751842539874320209491); "
"11523862","96","209","PayoutClaimed(0xc024685cb18933ac67d82c9e5d0e8f5d5b9dbddd, 66294313918287997466); "
"11524329","57","208","PayoutClaimed(0x41997060113af630a591e6cb23e1bc15fc90dc73, 4330636480018880320130); "
"11524695","69","139","PayoutClaimed(0x8ccf2a7dcf8598b51488861d8d380322b7117ff8, 245098163620529987838); "
"11524858","89","202","PayoutClaimed(0x663d3947f03ef5b387992b880ac85940057c13e3, 2602197591725730035250); "
"11526405","123","283","PayoutClaimed(0x05b22a6e05ae7c54fa5a87d15b5e0c73c4b87249, 64039800865089605); "
"11527102","208","232","PayoutClaimed(0x549adf7b383a1645f26a2acfe09c5304b679a532, 0); "
"11527505","61","98","PayoutClaimed(0x782c93e1c530a283ef738a58b5671a8fc2d8153f, 12958674851240500558); "
"11529510","184","273","PayoutClaimed(0x9a94ac82b17e67f7dff81912de68eb74ca20e6c3, 6349801079938179881); "
"11532396","32","52","PayoutClaimed(0x02cb3c150bedca124d0ae8cccb72fefbe705c953, 383844925681204984); "
"11533338","51","76","PayoutClaimed(0xa0527ba80d811cd45d452481caf902dfd6f5b8c2, 408800987197855988597); "
"11534484","151","214","PayoutClaimed(0xf5913759b449fae8900d61f7116d451d200c60f7, 45681793531650797035); "
"11535576","72","144","PayoutClaimed(0x58315fb2b6e94371679ffb4b3322ab32f3dc7311, 38082839258985998753); "
"11535853","53","110","PayoutClaimed(0x3c5c2f4bcec51a36494682f91dbc6ca7c63b514c, 4437342254166240309132); "
"11536441","127","283","PayoutClaimed(0x5b92bd6c37a1958f95ea1e56b6121a89314cfb66, 4175553461983709894411); "
"11537493","149","297","PayoutClaimed(0xe4c84ae002475e48850ed78796a477ba97ed90dc, 98585506221114997060); "
"11538269","194","185","PayoutClaimed(0x8110d1d04ac316fdcace8f24fd60c86b810ab15a, 10770790950487700683879); "
"11539230","102","224","PayoutClaimed(0x59471d7505c0a351973b24271817fec70b85c5ee, 159849577518138005416); "
"11539651","178","278","PayoutClaimed(0xaf30b0285bb41bdbb732e4a533874901e4943522, 2719610446060049980587); "
"11539770","112","175","PayoutClaimed(0x9756c61c3287592f31229aad5cf07bce87d52e24, 35788420011290698); "
"11543747","125","217","PayoutClaimed(0x0639092a9c3d9467dd6f89a13213541c8a1e58b2, 42549371903933597138); "
"11543828","133","272","PayoutClaimed(0x33d66941465ac776c38096cb1bc496c673ae7390, 1782098906687880068); "
"11545410","78","254","PayoutClaimed(0x6868738d8e1e38e4bd2eb601262453d626d9648c, 725747290081456981170); "
"11546580","133","242","PayoutClaimed(0x15ef9189a8282e4e1e985eb8ed767e7426b4bfd5, 169648868417375012995); "
"11549059","170","273","PayoutClaimed(0x13586f8425544865372ebb5db71bd52bc8ce06f2, 179485019772078004507); "
"11550010","158","212","PayoutClaimed(0x39de05b0984693a0a2e0e6c87a89eee66ae4aae3, 1431477327587839909028); "
"11550492","110","261","PayoutClaimed(0x10d6d2e343281d388291a3e02f3293aaeda67178, 5119191924142739935); "
"11588675","169","291","PayoutClaimed(0x2f71129b240080c638ac8d993bff52169e3551c3, 5488907623584410430339); "
"11589111","51","67","PayoutClaimed(0x32b74b90407309f6637245292cd90347de658a37, 3476885988206689944490); "
"11589214","151","126","PayoutClaimed(0x133d705a9696882228f6bb7fe008745aef7cdc93, 826565117442374003076); "
"11589325","88","216","PayoutClaimed(0x934b510d4c9103e6a87aef13b816fb080286d649, 8651438870026440781657); "
"11590150","122","280","PayoutClaimed(0x8ba1f109551bd432803012645ac136ddd64dba72, 5353792646901560146943); "
"11590270","69","144","PayoutClaimed(0xf64bbc221f89cc882fba507908bbe4ae3ad2f470, 66167155503877097544); "
"11590537","49","206","PayoutClaimed(0x9b984d5a03980d8dc0a24506c968465424c81dbe, 6634293675284309756534); "
"11592544","210","285","PayoutClaimed(0x70ccbe10f980d80b7ebaab7d2e3a73e87d67b775, 174904778857884996); "
"11593855","153","180","PayoutClaimed(0x62661b101ca48734668669a9f1cb83c4889049f3, 777928039182781958515); "
"11594048","23","48","PayoutClaimed(0xa2d5266647f5c5812cbdfd9419643704c81a3b4c, 764085937689799038707); "
"11596117","132","263","PayoutClaimed(0x3c7bc69e09e387906ff6f60db5a49d3fa2c1ddb0, 241265558765854990497); "
"11596645","57","92","PayoutClaimed(0x78f3c73f5500335aac51e4c2a79555d176b279da, 3087611343505150216515); "
"11600046","98","109","PayoutClaimed(0x6a3738c6299f45c31697acea647d49edcc9c28a4, 311501449601562001134); "
"11601615","38","46","PayoutClaimed(0xba0fee8490118fc4f46bd0974d7bf93d0e2f1064, 676787137355118034065); "
"11601673","240","275","PayoutClaimed(0x19c04ca80c4168ea8ab469a0766a858d7172b320, 5302517894800310933489); "
"11602421","54","73","PayoutClaimed(0xd165df4296c85e780509fa1eace0150d945d49fd, 4162219139866069781419); "
"11604079","55","128","PayoutClaimed(0x413db04a4d7207cae7a7686639ce68caac137bae, 10393420224001300084637); "
"11607724","139","222","PayoutClaimed(0x9d4e94db689bc471e45b0a18b7bda36fccec9c3b, 9735659336078570049721); "
"11616516","155","325","PayoutClaimed(0xcca88b952976da313fb928111f2d5c390ee0d723, 221071202077862011492); "
"11620207","118","157","PayoutClaimed(0x5a03c210cca2bff3641daf585339ded8e810a177, 22259667060977468500); "
"11620687","63","102","PayoutClaimed(0x046b8b30767592487badb59e43418e3f58f46b26, 187050519713131996); "
"11636037","111","300","PayoutClaimed(0x2d31c84e012bdb1cb43304fdfdc78f59ca064b85, 0); "
"11645691","92","149","PayoutClaimed(0xddb1cb4edbcd83066abf26e7102dc0e88009deab, 179483943280751987003); "
"11653274","148","266","PayoutClaimed(0x78f6af57f6885fb2c38b0aeb8aaa2a4636127fd9, 10816695003987099710); "
"11688450","95","174","PayoutClaimed(0x07169d3d71dc9c1c7c1656b3436a984d50619860, 15678997476353000820381); "
"11738525","190","307","PayoutClaimed(0x6eaa370adb52be8f86fef2a4ee86c4eca0f2f320, 643115250259116010056); "
