address	name
0x001bae3291db1f401771a1eaa8f0078534177bcc	some, account
0x0038eb9084ea8aa63dcb8fbdd63d8862f5bbb3a0	another account,
0x006cfc89e7f521ce3290b200df9530dce911b896	account 4
0x009a82e5762189384bf2880a2d21f75e209eee12	account 5
0x00d7e52cb140df6ab91291e289318ad62a18f80c	account 6
0x0109c0faae3f358bce232dff482e2d6eca1f4dab	account 7
0x010f0c8b31ba0cefe2764c373fa23e8635becb60	account 8
0x013e247651a601535eda98528b2961813406d96e	account 9
0x014797cc3d15f6ea6bb220a32a465ac8f7a5e3b8	account 10
0x01ca185fdcf1c2001c24e7e2362d3fc1b570ead3	account 11
0x01d6c3db752551baf985f5fc7d47db6f5c9b3a7b	account 12
0x01da64059bc5a81ec78362505faf7bb459c575e4	account 13
0x0240626490620f3b80bd7cfb1687309704fbbdd3	account 14
0x0249317d94b3b85ac198cfd1232c351c551a8d41	account 15
0x024bd890b037adbbfe1545d595490f65361c4a66	account 16
0x02c2ec416601daf7eb2c69c8ed3000457945fa20	account 17
0x02e0ea1bd6bbd1f5a30b51903b5987f187a2dfcc	account 18
0x033618a08649300184ec221c6d825416dbee8f92	account 19
0x03ce428b1a957d887c431329b6aa74fc50205eac	account 20
0x041360e9e4a7681517c069e65f0958b14f95db89	account 22
0x0442a9abbc93058a873c371f21cc366338254a88	account 23
